"","TestCase","Time"
"1","beta_diversity_1",4.90897100098664
"2","beta_diversity_1",1.92339199929847
"3","beta_diversity_1",1.74934700044105
"4","beta_diversity_1",1.42696399780107
"5","beta_diversity_1",1.34192999757943
"6","beta_diversity_1",1.27399300254183
"7","beta_diversity_1",1.29469799867366
"8","beta_diversity_1",1.30724400150939
"9","beta_diversity_1",1.17477299863822
"10","beta_diversity_1",1.19059899952845
"11","beta_diversity_1",1.20097200124292
"12","beta_diversity_1",1.18186600229819
"13","beta_diversity_1",1.2607909993676
"14","beta_diversity_1",1.18637600098737
"15","beta_diversity_1",1.1147080003866
"16","beta_diversity_1",1.12143200021819
"17","beta_diversity_1",1.09531499765581
"18","beta_diversity_1",1.06354000308784
"19","beta_diversity_1",1.09002599856467
"20","beta_diversity_1",1.04119499883382
"21","beta_diversity_1",1.00691899933736
"22","beta_diversity_1",0.998349998553749
"23","beta_diversity_1",1.00048199965386
"24","beta_diversity_1",1.26653100232943
"25","beta_diversity_1",1.02893599978415
"26","beta_diversity_1",1.27386999884038
"27","beta_diversity_1",1.01048600117792
"28","beta_diversity_1",1.00741099959123
"29","beta_diversity_1",0.908149999304442
"30","beta_diversity_1",0.87875299868756
"31","beta_diversity_1",0.928034998651128
"32","beta_diversity_1",0.890724997589132
"33","beta_diversity_1",0.91794899708475
"34","beta_diversity_1",0.942261998716276
"35","beta_diversity_1",0.951404999796068
"36","beta_diversity_1",0.885723002284067
"37","beta_diversity_1",0.871045001986204
"38","beta_diversity_1",0.821148001705296
"39","beta_diversity_1",0.886215002537938
"40","beta_diversity_1",0.870348001626553
"41","beta_diversity_1",0.898105001397198
"42","beta_diversity_1",0.917908000701573
"43","beta_diversity_1",0.968173997534905
"44","beta_diversity_1",0.934758998482721
"45","beta_diversity_1",0.8342269975401
"46","beta_diversity_1",0.79068500053836
"47","beta_diversity_1",0.867806000314886
"48","beta_diversity_1",0.89023300097324
"49","beta_diversity_1",0.868708000780316
"50","beta_diversity_1",0.802369999291841
"51","beta_diversity_1",0.845132999529596
"52","beta_diversity_1",44.6080820001953
"53","beta_diversity_1",12.0344429997203
"54","beta_diversity_1",7.18688999768347
"55","beta_diversity_1",6.93929100089008
"56","beta_diversity_1",4.58380000054603
"57","beta_diversity_1",3.23055399712757
"58","beta_diversity_1",3.04228200184298
"59","beta_diversity_1",1.2583719981194
"60","beta_diversity_1",1.26177499987534
"61","beta_diversity_1",1.30929399892921
"62","beta_diversity_1",1.2859650014434
"63","beta_diversity_1",1.19211600031122
"64","beta_diversity_1",1.35267200312228
"65","beta_diversity_1",1.27501799943275
"66","beta_diversity_1",0.9801050000533
"67","beta_diversity_1",0.771947998146061
"68","beta_diversity_1",0.857924998854287
"69","beta_diversity_1",0.798885001131566
"70","beta_diversity_1",0.768011999753071
"71","beta_diversity_1",0.787405002483865
"72","beta_diversity_1",0.775145999796223
"73","beta_diversity_1",0.797573000454577
"74","beta_diversity_1",0.786831002187682
"75","beta_diversity_1",0.816309999208897
"76","beta_diversity_1",0.926353997783735
"77","beta_diversity_1",0.854850000905572
"78","beta_diversity_1",0.792817001638468
"79","beta_diversity_1",0.863378001668025
"80","beta_diversity_1",0.832259000162594
"81","beta_diversity_1",0.783141000283649
"82","beta_diversity_1",0.825535000331001
"83","beta_diversity_1",0.792161001299974
"84","beta_diversity_1",0.768216999858851
"85","beta_diversity_1",0.842591001855908
"86","beta_diversity_1",0.84136100122123
"87","beta_diversity_1",0.802533999376465
"88","beta_diversity_1",0.799213001300814
"89","beta_diversity_1",0.802738999482244
"90","beta_diversity_1",0.779122998210369
"91","beta_diversity_1",0.822336998680839
"92","beta_diversity_1",0.796712000010302
"93","beta_diversity_1",0.854973000969039
"94","beta_diversity_1",0.788348002970451
"95","beta_diversity_1",0.789044999692123
"96","beta_diversity_1",0.778015997639159
"97","beta_diversity_1",0.794292998762103
"98","beta_diversity_1",0.794252002378926
"99","beta_diversity_1",0.782074999733595
"100","beta_diversity_1",0.783797000622144
"101","beta_diversity_2",0.846814000396989
"102","beta_diversity_2",0.70142799813766
"103","beta_diversity_2",0.527095999132143
"104","beta_diversity_2",0.844230999064166
"105","beta_diversity_2",0.639722999039805
"106","beta_diversity_2",0.703314002748812
"107","beta_diversity_2",0.554688998818165
"108","beta_diversity_2",0.386342999263434
"109","beta_diversity_2",0.345507000020007
"110","beta_diversity_2",0.330172999383649
"111","beta_diversity_2",0.313896001898684
"112","beta_diversity_2",0.329516999045154
"113","beta_diversity_2",0.312912001390941
"114","beta_diversity_2",0.300898998830235
"115","beta_diversity_2",0.31897999724606
"116","beta_diversity_2",0.310000999888871
"117","beta_diversity_2",0.313854998239549
"118","beta_diversity_2",0.297701000818051
"119","beta_diversity_2",0.283761000900995
"120","beta_diversity_2",0.33357600113959
"121","beta_diversity_2",0.470802999188891
"122","beta_diversity_2",0.349238001945196
"123","beta_diversity_2",0.325744997098809
"124","beta_diversity_2",0.290033996861894
"125","beta_diversity_2",0.28400700102793
"126","beta_diversity_2",0.272445002337918
"127","beta_diversity_2",0.275930000498192
"128","beta_diversity_2",0.27736500123865
"129","beta_diversity_2",0.279291998594999
"130","beta_diversity_2",0.272896002570633
"131","beta_diversity_2",0.265597998804878
"132","beta_diversity_2",0.269697997282492
"133","beta_diversity_2",0.261785000475356
"134","beta_diversity_2",0.262892001046566
"135","beta_diversity_2",0.259857999481028
"136","beta_diversity_2",0.266622999333777
"137","beta_diversity_2",0.28130099963164
"138","beta_diversity_2",0.257070001680404
"139","beta_diversity_2",0.248993001150666
"140","beta_diversity_2",0.250715002039215
"141","beta_diversity_2",0.348869001754792
"142","beta_diversity_2",0.491139002406271
"143","beta_diversity_2",0.23554500148748
"144","beta_diversity_2",0.2454259993101
"145","beta_diversity_2",0.228780001634732
"146","beta_diversity_2",0.23464300102205
"147","beta_diversity_2",0.264204001723556
"148","beta_diversity_2",0.225746000069194
"149","beta_diversity_2",0.22205599816516
"150","beta_diversity_2",0.22295800226857
"151","beta_diversity_2",0.238250999245793
"152","beta_diversity_2",0.24694300009287
"153","beta_diversity_2",0.252272999205161
"154","beta_diversity_2",0.224024002818624
"155","beta_diversity_2",0.224925999646075
"156","beta_diversity_2",0.220990001253085
"157","beta_diversity_2",0.223696002649376
"158","beta_diversity_2",0.222629998461343
"159","beta_diversity_2",0.221399997826666
"160","beta_diversity_2",0.216111002373509
"161","beta_diversity_2",0.208034001843771
"162","beta_diversity_2",0.203154999326216
"163","beta_diversity_2",0.201719998585759
"164","beta_diversity_2",0.216479998925934
"165","beta_diversity_2",0.205738000659039
"166","beta_diversity_2",0.205369000468636
"167","beta_diversity_2",0.206271000934066
"168","beta_diversity_2",0.209222998819314
"169","beta_diversity_2",0.205410000489792
"170","beta_diversity_2",0.202458002604544
"171","beta_diversity_2",0.290854000922991
"172","beta_diversity_2",0.244646998908138
"173","beta_diversity_2",0.223942002776312
"174","beta_diversity_2",0.219104000279913
"175","beta_diversity_2",0.224392999371048
"176","beta_diversity_2",0.218283999856794
"177","beta_diversity_2",0.214758001675364
"178","beta_diversity_2",0.218776000110665
"179","beta_diversity_2",0.216931002796628
"180","beta_diversity_2",0.21943200044916
"181","beta_diversity_2",0.224229002924403
"182","beta_diversity_2",0.220703001104994
"183","beta_diversity_2",0.215045001823455
"184","beta_diversity_2",0.215783002204262
"185","beta_diversity_2",0.218283999856794
"186","beta_diversity_2",0.211642000067513
"187","beta_diversity_2",0.209140998777002
"188","beta_diversity_2",0.20815699826926
"189","beta_diversity_2",0.203851999685867
"190","beta_diversity_2",0.206107000849443
"191","beta_diversity_2",0.215454998397036
"192","beta_diversity_2",0.196881999727339
"193","beta_diversity_2",0.208075001864927
"194","beta_diversity_2",0.197620000108145
"195","beta_diversity_2",0.196922999748494
"196","beta_diversity_2",0.186468001629692
"197","beta_diversity_2",0.194299002032494
"198","beta_diversity_2",0.21852999998373
"199","beta_diversity_2",0.253133999649435
"200","beta_diversity_2",0.250469001912279
"201","beta_diversity_3",0.674450006044935
"202","beta_diversity_3",0.403727004595567
"203","beta_diversity_3",0.381013000151142
"204","beta_diversity_3",0.384580001991708
"205","beta_diversity_3",0.468917001853697
"206","beta_diversity_3",0.375314004486427
"207","beta_diversity_3",0.360431004082784
"208","beta_diversity_3",0.537141004315345
"209","beta_diversity_3",0.406187002226943
"210","beta_diversity_3",0.337102002959
"211","beta_diversity_3",0.310288003674941
"212","beta_diversity_3",0.300489002256654
"213","beta_diversity_3",0.30848400274408
"214","beta_diversity_3",0.564816000405699
"215","beta_diversity_3",0.468917001853697
"216","beta_diversity_3",0.36440800249693
"217","beta_diversity_3",0.330091002979316
"218","beta_diversity_3",0.347680001141271
"219","beta_diversity_3",0.289460003841668
"220","beta_diversity_3",0.291305004793685
"221","beta_diversity_3",0.510942005348625
"222","beta_diversity_3",0.309550003294135
"223","beta_diversity_3",0.28753300284734
"224","beta_diversity_3",0.255266004387522
"225","beta_diversity_3",0.262687004578765
"226","beta_diversity_3",0.277570004982408
"227","beta_diversity_3",0.345958003890701
"228","beta_diversity_3",0.259653003013227
"229","beta_diversity_3",0.261908004176803
"230","beta_diversity_3",0.251207002293086
"231","beta_diversity_3",0.257644001976587
"232","beta_diversity_3",0.261457003944088
"233","beta_diversity_3",0.255840001045726
"234","beta_diversity_3",0.257849002082366
"235","beta_diversity_3",0.256660005106824
"236","beta_diversity_3",0.272363005933585
"237","beta_diversity_3",0.25731600180734
"238","beta_diversity_3",0.270682001428213
"239","beta_diversity_3",0.281014003121527
"240","beta_diversity_3",0.260883003647905
"241","beta_diversity_3",0.255430004472146
"242","beta_diversity_3",0.2591200027382
"243","beta_diversity_3",0.253544003498973
"244","beta_diversity_3",0.257193005381851
"245","beta_diversity_3",0.345876003848389
"246","beta_diversity_3",0.287000002572313
"247","beta_diversity_3",0.251412002398865
"248","beta_diversity_3",0.256373001320753
"249","beta_diversity_3",0.255430004472146
"250","beta_diversity_3",0.243540001974907
"251","beta_diversity_3",0.234602004638873
"252","beta_diversity_3",0.234192004427314
"253","beta_diversity_3",0.254036003752844
"254","beta_diversity_3",0.23845600662753
"255","beta_diversity_3",0.247886004217435
"256","beta_diversity_3",0.224188002903247
"257","beta_diversity_3",0.227673001063522
"258","beta_diversity_3",0.223901002755156
"259","beta_diversity_3",0.221646005229559
"260","beta_diversity_3",0.224926003284054
"261","beta_diversity_3",0.226402000407688
"262","beta_diversity_3",0.219883004319854
"263","beta_diversity_3",0.216234002436977
"264","beta_diversity_3",0.231158002861775
"265","beta_diversity_3",0.226566004130291
"266","beta_diversity_3",0.223491002543597
"267","beta_diversity_3",0.222753005800769
"268","beta_diversity_3",0.224926003284054
"269","beta_diversity_3",0.208157001907239
"270","beta_diversity_3",0.206763001187937
"271","beta_diversity_3",0.216644002648536
"272","beta_diversity_3",0.341202001436614
"273","beta_diversity_3",0.214676005271031
"274","beta_diversity_3",0.219842004298698
"275","beta_diversity_3",0.211355003557401
"276","beta_diversity_3",0.203155002964195
"277","beta_diversity_3",0.20623000091291
"278","beta_diversity_3",0.21438900148496
"279","beta_diversity_3",0.214676005271031
"280","beta_diversity_3",0.236611002037534
"281","beta_diversity_3",0.223696002649376
"282","beta_diversity_3",0.232347003475297
"283","beta_diversity_3",0.218530003621709
"284","beta_diversity_3",0.20643500101869
"285","beta_diversity_3",0.209141002414981
"286","beta_diversity_3",0.213118000829127
"287","beta_diversity_3",0.206189004529733
"288","beta_diversity_3",0.19938300101785
"289","beta_diversity_3",0.203032002900727
"290","beta_diversity_3",0.205451004148927
"291","beta_diversity_3",0.208485002076486
"292","beta_diversity_3",0.210617006814573
"293","beta_diversity_3",0.201064005523222
"294","beta_diversity_3",0.201802002266049
"295","beta_diversity_3",0.199998001335189
"296","beta_diversity_3",0.198645000637043
"297","beta_diversity_3",0.207050004974008
"298","beta_diversity_3",0.207050004974008
"299","beta_diversity_3",0.20975600273232
"300","beta_diversity_3",0.20340100309113
"301","spatial_beta_div_1",11.1313769994013
"302","spatial_beta_div_1",9.95570200029761
"303","spatial_beta_div_1",9.42413699885947
"304","spatial_beta_div_1",9.61257299786666
"305","spatial_beta_div_1",9.49551800295012
"306","spatial_beta_div_1",9.32135000039125
"307","spatial_beta_div_1",9.30736900045304
"308","spatial_beta_div_1",9.6559099984006
"309","spatial_beta_div_1",9.09724400116829
"310","spatial_beta_div_1",9.11060999715119
"311","spatial_beta_div_1",8.95735199810588
"312","spatial_beta_div_1",9.16108100136626
"313","spatial_beta_div_1",9.30351499846438
"314","spatial_beta_div_1",8.87404000241077
"315","spatial_beta_div_1",9.37391199840931
"316","spatial_beta_div_1",9.15505399825634
"317","spatial_beta_div_1",9.31237099939608
"318","spatial_beta_div_1",9.15849800003343
"319","spatial_beta_div_1",9.25185500091175
"320","spatial_beta_div_1",9.26312999945367
"321","spatial_beta_div_1",9.08047499979148
"322","spatial_beta_div_1",9.34041499931482
"323","spatial_beta_div_1",9.24488500095322
"324","spatial_beta_div_1",9.40654799705953
"325","spatial_beta_div_1",9.23516799957724
"326","spatial_beta_div_1",9.22758299930138
"327","spatial_beta_div_1",9.00983199971961
"328","spatial_beta_div_1",8.96751999971457
"329","spatial_beta_div_1",9.39998800095054
"330","spatial_beta_div_1",9.571942002367
"331","spatial_beta_div_1",9.45086899810121
"332","spatial_beta_div_1",9.32286700117402
"333","spatial_beta_div_1",9.50207799905911
"334","spatial_beta_div_1",31.9431820025784
"335","spatial_beta_div_1",10.4395839989593
"336","spatial_beta_div_1",11.2789360027818
"337","spatial_beta_div_1",10.6813200000033
"338","spatial_beta_div_1",9.85480099916458
"339","spatial_beta_div_1",9.91330800025025
"340","spatial_beta_div_1",9.97710400042706
"341","spatial_beta_div_1",9.08047499979148
"342","spatial_beta_div_1",8.78761199783185
"343","spatial_beta_div_1",8.77108900021994
"344","spatial_beta_div_1",8.90979199903086
"345","spatial_beta_div_1",9.53721500263782
"346","spatial_beta_div_1",10.0806289992761
"347","spatial_beta_div_1",10.340978999011
"348","spatial_beta_div_1",9.85119300094084
"349","spatial_beta_div_1",9.4115089996194
"350","spatial_beta_div_1",9.17891599965515
"351","spatial_beta_div_1",9.38883600247209
"352","spatial_beta_div_1",9.9217540009704
"353","spatial_beta_div_1",10.0018269986322
"354","spatial_beta_div_1",9.89891700010048
"355","spatial_beta_div_1",9.28945199848386
"356","spatial_beta_div_1",9.42491599926143
"357","spatial_beta_div_1",9.63996099744691
"358","spatial_beta_div_1",10.038563003036
"359","spatial_beta_div_1",9.68354400174576
"360","spatial_beta_div_1",10.1869829995849
"361","spatial_beta_div_1",10.467094998603
"362","spatial_beta_div_1",11.1890640000638
"363","spatial_beta_div_1",10.4042419989128
"364","spatial_beta_div_1",10.6647149987111
"365","spatial_beta_div_1",10.3732870011299
"366","spatial_beta_div_1",9.55107299887459
"367","spatial_beta_div_1",23.8915609988908
"368","spatial_beta_div_1",10.385382000095
"369","spatial_beta_div_1",9.8844439999084
"370","spatial_beta_div_1",9.69055500172544
"371","spatial_beta_div_1",9.90055699730874
"372","spatial_beta_div_1",9.84791300288634
"373","spatial_beta_div_1",9.663371998613
"374","spatial_beta_div_1",9.50187300259131
"375","spatial_beta_div_1",9.61921500129392
"376","spatial_beta_div_1",10.0692720006919
"377","spatial_beta_div_1",9.36120199912693
"378","spatial_beta_div_1",9.45992999913869
"379","spatial_beta_div_1",10.0172019992897
"380","spatial_beta_div_1",9.78370700249798
"381","spatial_beta_div_1",9.85832699734601
"382","spatial_beta_div_1",9.5064650013228
"383","spatial_beta_div_1",32.2600709987455
"384","spatial_beta_div_1",9.75521199870855
"385","spatial_beta_div_1",9.17711200236226
"386","spatial_beta_div_1",9.29879999966943
"387","spatial_beta_div_1",9.32249800098361
"388","spatial_beta_div_1",9.57936299892026
"389","spatial_beta_div_1",9.3504189972009
"390","spatial_beta_div_1",8.90290399911464
"391","spatial_beta_div_1",8.42267099869787
"392","spatial_beta_div_1",8.56391599882045
"393","spatial_beta_div_1",8.55797099939082
"394","spatial_beta_div_1",9.50388199998997
"395","spatial_beta_div_1",9.87407099819393
"396","spatial_beta_div_1",9.64155999827199
"397","spatial_beta_div_1",9.42676100021345
"398","spatial_beta_div_1",8.90413399974932
"399","spatial_beta_div_1",9.01635099944542
"400","spatial_beta_div_1",8.98699500248767
"401","spatial_beta_div_2",9.07403800010798
"402","spatial_beta_div_2",8.04743899789173
"403","spatial_beta_div_2",7.62284299707972
"404","spatial_beta_div_2",7.35470300060115
"405","spatial_beta_div_2",7.23043199832318
"406","spatial_beta_div_2",7.25535999663407
"407","spatial_beta_div_2",7.08803899760824
"408","spatial_beta_div_2",6.8970200009062
"409","spatial_beta_div_2",6.87336299961316
"410","spatial_beta_div_2",6.87168199874577
"411","spatial_beta_div_2",6.94576899695676
"412","spatial_beta_div_2",6.88619600259699
"413","spatial_beta_div_2",6.767172999389
"414","spatial_beta_div_2",6.82797600165941
"415","spatial_beta_div_2",6.90042299902416
"416","spatial_beta_div_2",6.87984099931782
"417","spatial_beta_div_2",6.91005799671984
"418","spatial_beta_div_2",6.88664699919173
"419","spatial_beta_div_2",6.92461300059222
"420","spatial_beta_div_2",6.90124299944728
"421","spatial_beta_div_2",6.88201400043909
"422","spatial_beta_div_2",6.86844300071243
"423","spatial_beta_div_2",6.8685660007759
"424","spatial_beta_div_2",6.84708200060413
"425","spatial_beta_div_2",8.3886819993495
"426","spatial_beta_div_2",7.03285300187417
"427","spatial_beta_div_2",6.83826699969359
"428","spatial_beta_div_2",6.87012400157982
"429","spatial_beta_div_2",6.84195700159762
"430","spatial_beta_div_2",6.86241600124049
"431","spatial_beta_div_2",6.87586400090368
"432","spatial_beta_div_2",6.92863099902752
"433","spatial_beta_div_2",6.87225599904195
"434","spatial_beta_div_2",7.23231799929636
"435","spatial_beta_div_2",6.86102200052119
"436","spatial_beta_div_2",6.88057899969863
"437","spatial_beta_div_2",6.85109999903943
"438","spatial_beta_div_2",6.88537600217387
"439","spatial_beta_div_2",7.03596899984404
"440","spatial_beta_div_2",7.38606799859554
"441","spatial_beta_div_2",26.5080579993082
"442","spatial_beta_div_2",7.64928799981135
"443","spatial_beta_div_2",7.40115599910496
"444","spatial_beta_div_2",7.35441600045306
"445","spatial_beta_div_2",7.28881599934539
"446","spatial_beta_div_2",7.37077500161831
"447","spatial_beta_div_2",7.38533000185271
"448","spatial_beta_div_2",7.39090600109193
"449","spatial_beta_div_2",7.4252640006307
"450","spatial_beta_div_2",7.47159399907105
"451","spatial_beta_div_2",7.46999499824597
"452","spatial_beta_div_2",7.32309199884185
"453","spatial_beta_div_2",7.02616999842576
"454","spatial_beta_div_2",6.9832020017202
"455","spatial_beta_div_2",7.00907300051767
"456","spatial_beta_div_2",7.02186499984236
"457","spatial_beta_div_2",6.96282500211964
"458","spatial_beta_div_2",7.00173400036874
"459","spatial_beta_div_2",7.02001999889035
"460","spatial_beta_div_2",7.24383900160319
"461","spatial_beta_div_2",7.07315600084257
"462","spatial_beta_div_2",7.06388999969931
"463","spatial_beta_div_2",7.05044200003613
"464","spatial_beta_div_2",7.08156099790358
"465","spatial_beta_div_2",7.00296399736544
"466","spatial_beta_div_2",7.04252899959101
"467","spatial_beta_div_2",7.10607899964089
"468","spatial_beta_div_2",6.73675099824322
"469","spatial_beta_div_2",7.02473500132328
"470","spatial_beta_div_2",7.01961000231677
"471","spatial_beta_div_2",7.06315199931851
"472","spatial_beta_div_2",7.05913399724523
"473","spatial_beta_div_2",6.74941999750445
"474","spatial_beta_div_2",6.73002700204961
"475","spatial_beta_div_2",6.73314300001948
"476","spatial_beta_div_2",6.7434750017128
"477","spatial_beta_div_2",6.77791500129388
"478","spatial_beta_div_2",6.62330399791244
"479","spatial_beta_div_2",6.76196600034018
"480","spatial_beta_div_2",7.02346399702947
"481","spatial_beta_div_2",7.04966299963417
"482","spatial_beta_div_2",6.88635999904363
"483","spatial_beta_div_2",6.91173900122521
"484","spatial_beta_div_2",7.03465699916705
"485","spatial_beta_div_2",6.81284700112883
"486","spatial_beta_div_2",6.74409000203013
"487","spatial_beta_div_2",6.68611600121949
"488","spatial_beta_div_2",6.85774199882871
"489","spatial_beta_div_2",6.73892399936449
"490","spatial_beta_div_2",6.79583199962508
"491","spatial_beta_div_2",6.78619699829142
"492","spatial_beta_div_2",6.77652100057458
"493","spatial_beta_div_2",6.84240800183034
"494","spatial_beta_div_2",6.74650899964035
"495","spatial_beta_div_2",6.74843600063468
"496","spatial_beta_div_2",6.74236800114159
"497","spatial_beta_div_2",6.80177699905471
"498","spatial_beta_div_2",6.5997290002997
"499","spatial_beta_div_2",6.86356399819488
"500","spatial_beta_div_2",6.89825000154087
"501","spatial_beta_div_3",9.18432799880975
"502","spatial_beta_div_3",7.65896399752819
"503","spatial_beta_div_3",7.4900030012941
"504","spatial_beta_div_3",7.17290900138323
"505","spatial_beta_div_3",18.997800998477
"506","spatial_beta_div_3",14.0567679991364
"507","spatial_beta_div_3",7.49061800161144
"508","spatial_beta_div_3",7.52673900205991
"509","spatial_beta_div_3",7.4349809983687
"510","spatial_beta_div_3",7.36749499992584
"511","spatial_beta_div_3",8.19085700277355
"512","spatial_beta_div_3",8.78830900182948
"513","spatial_beta_div_3",8.10032899971702
"514","spatial_beta_div_3",7.51767800102243
"515","spatial_beta_div_3",7.19000599929132
"516","spatial_beta_div_3",7.48647699947469
"517","spatial_beta_div_3",7.50431200140156
"518","spatial_beta_div_3",7.1591330015508
"519","spatial_beta_div_3",7.0125989986991
"520","spatial_beta_div_3",7.00911400053883
"521","spatial_beta_div_3",6.95819199972902
"522","spatial_beta_div_3",6.94252999892342
"523","spatial_beta_div_3",6.91514199934318
"524","spatial_beta_div_3",7.08971999847563
"525","spatial_beta_div_3",7.14908800000558
"526","spatial_beta_div_3",7.04560400117771
"527","spatial_beta_div_3",6.93707699974766
"528","spatial_beta_div_3",6.86155500079622
"529","spatial_beta_div_3",6.7633599974215
"530","spatial_beta_div_3",6.73174900293816
"531","spatial_beta_div_3",6.80013699820847
"532","spatial_beta_div_3",6.77373299913597
"533","spatial_beta_div_3",6.834166997578
"534","spatial_beta_div_3",6.83129699973506
"535","spatial_beta_div_3",6.8112890003249
"536","spatial_beta_div_3",6.81116600026144
"537","spatial_beta_div_3",6.80714800182614
"538","spatial_beta_div_3",6.77537299998221
"539","spatial_beta_div_3",6.77980100226705
"540","spatial_beta_div_3",6.77598800029955
"541","spatial_beta_div_3",6.76377000127104
"542","spatial_beta_div_3",6.77410199932638
"543","spatial_beta_div_3",6.78345000051195
"544","spatial_beta_div_3",6.77016599729541
"545","spatial_beta_div_3",6.78049799898872
"546","spatial_beta_div_3",6.79472499905387
"547","spatial_beta_div_3",6.79218300138018
"548","spatial_beta_div_3",6.83100999958697
"549","spatial_beta_div_3",6.8268690010882
"550","spatial_beta_div_3",6.91415800247341
"551","spatial_beta_div_3",6.94708100127173
"552","spatial_beta_div_3",6.97028700233204
"553","spatial_beta_div_3",7.00095499996678
"554","spatial_beta_div_3",7.00669499929063
"555","spatial_beta_div_3",6.96126700131572
"556","spatial_beta_div_3",6.94425199981197
"557","spatial_beta_div_3",6.96639200032223
"558","spatial_beta_div_3",6.95815099970787
"559","spatial_beta_div_3",7.07356600105413
"560","spatial_beta_div_3",7.31960700068157
"561","spatial_beta_div_3",7.3435510021227
"562","spatial_beta_div_3",7.12842400025693
"563","spatial_beta_div_3",7.02403800096363
"564","spatial_beta_div_3",7.00144700022065
"565","spatial_beta_div_3",6.99697799791466
"566","spatial_beta_div_3",6.99927399909939
"567","spatial_beta_div_3",6.97266499992111
"568","spatial_beta_div_3",6.98832700072671
"569","spatial_beta_div_3",6.99939699916285
"570","spatial_beta_div_3",6.99910999901476
"571","spatial_beta_div_3",7.0240789973468
"572","spatial_beta_div_3",6.96573599998374
"573","spatial_beta_div_3",24.7596129993326
"574","spatial_beta_div_3",7.6703209997504
"575","spatial_beta_div_3",7.47483300074236
"576","spatial_beta_div_3",7.34076300068409
"577","spatial_beta_div_3",7.33797500288347
"578","spatial_beta_div_3",7.3722919987631
"579","spatial_beta_div_3",7.36294400121551
"580","spatial_beta_div_3",7.42747800177312
"581","spatial_beta_div_3",7.63555300000007
"582","spatial_beta_div_3",7.46663300014916
"583","spatial_beta_div_3",7.46540299951448
"584","spatial_beta_div_3",7.32969300224795
"585","spatial_beta_div_3",7.0182979980018
"586","spatial_beta_div_3",6.99099199846387
"587","spatial_beta_div_3",7.06671900115907
"588","spatial_beta_div_3",7.0271539989335
"589","spatial_beta_div_3",6.97787199896993
"590","spatial_beta_div_3",6.94740900144097
"591","spatial_beta_div_3",6.98398099848418
"592","spatial_beta_div_3",7.18623399734497
"593","spatial_beta_div_3",7.03551799961133
"594","spatial_beta_div_3",6.76729599945247
"595","spatial_beta_div_3",6.89312500253436
"596","spatial_beta_div_3",7.00562899874058
"597","spatial_beta_div_3",7.19123599992599
"598","spatial_beta_div_3",7.42895399889676
"599","spatial_beta_div_3",7.70025099700433
"600","spatial_beta_div_3",7.5164070003666
"601","temporal_beta_div_1",53.9325070021732
"602","temporal_beta_div_1",53.8422249992436
"603","temporal_beta_div_1",53.4291090007173
"604","temporal_beta_div_1",53.720413998235
"605","temporal_beta_div_1",88.0172830002266
"606","temporal_beta_div_1",54.4076559999667
"607","temporal_beta_div_1",53.4909779998998
"608","temporal_beta_div_1",53.4678949989029
"609","temporal_beta_div_1",67.0942039978399
"610","temporal_beta_div_1",54.1650179984572
"611","temporal_beta_div_1",88.7991529998544
"612","temporal_beta_div_1",55.8224430023984
"613","temporal_beta_div_1",53.7481710016436
"614","temporal_beta_div_1",53.1973769975593
"615","temporal_beta_div_1",52.8916399998707
"616","temporal_beta_div_1",52.4036989991146
"617","temporal_beta_div_1",85.6508449978719
"618","temporal_beta_div_1",57.1430529998906
"619","temporal_beta_div_1",87.2365609975532
"620","temporal_beta_div_1",53.0053740003495
"621","temporal_beta_div_1",52.7460900011647
"622","temporal_beta_div_1",52.3559339999338
"623","temporal_beta_div_1",52.5593759994081
"624","temporal_beta_div_1",92.0335199989495
"625","temporal_beta_div_1",52.0922630021232
"626","temporal_beta_div_1",53.1519079995633
"627","temporal_beta_div_1",53.3051249985874
"628","temporal_beta_div_1",52.811853998719
"629","temporal_beta_div_1",53.1782709986146
"630","temporal_beta_div_1",91.5424630002235
"631","temporal_beta_div_1",53.2130389983649
"632","temporal_beta_div_1",53.1075869985216
"633","temporal_beta_div_1",53.1089809992409
"634","temporal_beta_div_1",52.731986001163
"635","temporal_beta_div_1",52.5796299989452
"636","temporal_beta_div_1",90.4885989984905
"637","temporal_beta_div_1",54.4993729999987
"638","temporal_beta_div_1",53.5810549990856
"639","temporal_beta_div_1",52.9905729999882
"640","temporal_beta_div_1",52.7402270017774
"641","temporal_beta_div_1",52.8013580005791
"642","temporal_beta_div_1",86.0634689997823
"643","temporal_beta_div_1",56.7092730016157
"644","temporal_beta_div_1",83.7484450021293
"645","temporal_beta_div_1",53.9049549988704
"646","temporal_beta_div_1",53.0884400031937
"647","temporal_beta_div_1",52.8553959993587
"648","temporal_beta_div_1",81.7666279981495
"649","temporal_beta_div_1",63.8524159985536
"650","temporal_beta_div_1",52.947153999412
"651","temporal_beta_div_1",53.5740849991271
"652","temporal_beta_div_1",52.7758150019508
"653","temporal_beta_div_1",52.7827029982291
"654","temporal_beta_div_1",52.3141960002249
"655","temporal_beta_div_1",90.3645329999563
"656","temporal_beta_div_1",53.6015549987496
"657","temporal_beta_div_1",53.6471470004471
"658","temporal_beta_div_1",53.3600239978114
"659","temporal_beta_div_1",52.8752810023434
"660","temporal_beta_div_1",52.6945940000587
"661","temporal_beta_div_1",89.8824959986086
"662","temporal_beta_div_1",53.3327590019326
"663","temporal_beta_div_1",53.3863460004795
"664","temporal_beta_div_1",52.7886480012967
"665","temporal_beta_div_1",52.8075080001145
"666","temporal_beta_div_1",52.7636790029646
"667","temporal_beta_div_1",174.358486001438
"668","temporal_beta_div_1",57.3309150022396
"669","temporal_beta_div_1",53.7470230010513
"670","temporal_beta_div_1",57.7646540004935
"671","temporal_beta_div_1",58.5000710016175
"672","temporal_beta_div_1",58.3833029995731
"673","temporal_beta_div_1",59.1004750021966
"674","temporal_beta_div_1",94.3485850002617
"675","temporal_beta_div_1",52.5656899990281
"676","temporal_beta_div_1",53.1507189989497
"677","temporal_beta_div_1",53.066464002768
"678","temporal_beta_div_1",52.8113620021031
"679","temporal_beta_div_1",52.4131290003425
"680","temporal_beta_div_1",88.9078849977523
"681","temporal_beta_div_1",55.3127719977056
"682","temporal_beta_div_1",53.0384199992113
"683","temporal_beta_div_1",52.8469089986174
"684","temporal_beta_div_1",53.3411229989724
"685","temporal_beta_div_1",52.7665080007864
"686","temporal_beta_div_1",86.5199629988638
"687","temporal_beta_div_1",59.5034229991143
"688","temporal_beta_div_1",53.2357529991714
"689","temporal_beta_div_1",52.8719190006086
"690","temporal_beta_div_1",52.5148499982606
"691","temporal_beta_div_1",52.401443997951
"692","temporal_beta_div_1",52.2661850009172
"693","temporal_beta_div_1",92.2266300003685
"694","temporal_beta_div_1",54.2183999968984
"695","temporal_beta_div_1",53.570107997075
"696","temporal_beta_div_1",53.045430999191
"697","temporal_beta_div_1",52.5123080005869
"698","temporal_beta_div_1",52.1887770009926
"699","temporal_beta_div_1",85.4086580002331
"700","temporal_beta_div_1",57.8034809987003
"701","temporal_beta_div_2",11.2493339984212
"702","temporal_beta_div_2",9.58493900179747
"703","temporal_beta_div_2",9.17174099959084
"704","temporal_beta_div_2",9.13070000024163
"705","temporal_beta_div_2",9.43545300106052
"706","temporal_beta_div_2",9.32832000034978
"707","temporal_beta_div_2",9.32508099867846
"708","temporal_beta_div_2",9.22659899879363
"709","temporal_beta_div_2",9.24636100171483
"710","temporal_beta_div_2",9.1959310011589
"711","temporal_beta_div_2",9.20048199986923
"712","temporal_beta_div_2",9.2240980011411
"713","temporal_beta_div_2",9.17534899781458
"714","temporal_beta_div_2",9.14349199956632
"715","temporal_beta_div_2",9.19064199842978
"716","temporal_beta_div_2",9.20072799999616
"717","temporal_beta_div_2",9.19597199754207
"718","temporal_beta_div_2",9.18022800033214
"719","temporal_beta_div_2",9.19051900200429
"720","temporal_beta_div_2",9.26120299845934
"721","temporal_beta_div_2",9.2833429989696
"722","temporal_beta_div_2",9.26333499955945
"723","temporal_beta_div_2",9.19908799914992
"724","temporal_beta_div_2",9.18162200105144
"725","temporal_beta_div_2",9.19457800046075
"726","temporal_beta_div_2",9.26095700197038
"727","temporal_beta_div_2",9.29100999928778
"728","temporal_beta_div_2",9.22713199906866
"729","temporal_beta_div_2",9.20646799932001
"730","temporal_beta_div_2",9.1683379978349
"731","temporal_beta_div_2",9.13922800100408
"732","temporal_beta_div_2",9.1256159976183
"733","temporal_beta_div_2",9.10548500178265
"734","temporal_beta_div_2",9.16198300183169
"735","temporal_beta_div_2",9.10421400112682
"736","temporal_beta_div_2",9.25964500129339
"737","temporal_beta_div_2",9.33766800153535
"738","temporal_beta_div_2",9.26833700214047
"739","temporal_beta_div_2",9.83368599918322
"740","temporal_beta_div_2",10.3010860002541
"741","temporal_beta_div_2",9.90412399914931
"742","temporal_beta_div_2",24.1852439976356
"743","temporal_beta_div_2",18.3977250017051
"744","temporal_beta_div_2",9.69551600064733
"745","temporal_beta_div_2",9.70662699910463
"746","temporal_beta_div_2",9.79846699920017
"747","temporal_beta_div_2",9.47009800074738
"748","temporal_beta_div_2",9.7111369977938
"749","temporal_beta_div_2",9.66825099749258
"750","temporal_beta_div_2",9.65668900244054
"751","temporal_beta_div_2",9.35496999954921
"752","temporal_beta_div_2",9.34295700062648
"753","temporal_beta_div_2",9.3508700010716
"754","temporal_beta_div_2",8.96559299872024
"755","temporal_beta_div_2",9.05263599997852
"756","temporal_beta_div_2",9.17313500031014
"757","temporal_beta_div_2",9.11885100140353
"758","temporal_beta_div_2",9.14845299848821
"759","temporal_beta_div_2",9.44763000006787
"760","temporal_beta_div_2",9.20347499777563
"761","temporal_beta_div_2",9.14763300170307
"762","temporal_beta_div_2",9.22356500086607
"763","temporal_beta_div_2",9.1324219974922
"764","temporal_beta_div_2",9.16776400117669
"765","temporal_beta_div_2",9.14422999994713
"766","temporal_beta_div_2",9.20581199898152
"767","temporal_beta_div_2",9.16210600189515
"768","temporal_beta_div_2",9.11909700153046
"769","temporal_beta_div_2",9.10716599901207
"770","temporal_beta_div_2",9.21413499963819
"771","temporal_beta_div_2",9.12573899768176
"772","temporal_beta_div_2",9.19318399974145
"773","temporal_beta_div_2",9.35677400048007
"774","temporal_beta_div_2",9.26878799873521
"775","temporal_beta_div_2",8.87317900196649
"776","temporal_beta_div_2",9.4860469980631
"777","temporal_beta_div_2",10.0265090004541
"778","temporal_beta_div_2",10.2735750006104
"779","temporal_beta_div_2",9.67366300028516
"780","temporal_beta_div_2",9.78087800103822
"781","temporal_beta_div_2",9.96763299917802
"782","temporal_beta_div_2",9.86431300043478
"783","temporal_beta_div_2",9.63987899740459
"784","temporal_beta_div_2",9.72839799942449
"785","temporal_beta_div_2",10.116872999788
"786","temporal_beta_div_2",9.69035000161966
"787","temporal_beta_div_2",9.61146600093343
"788","temporal_beta_div_2",10.0569719979831
"789","temporal_beta_div_2",9.94770699981018
"790","temporal_beta_div_2",9.84709299882525
"791","temporal_beta_div_2",10.0085920021229
"792","temporal_beta_div_2",9.80564199926448
"793","temporal_beta_div_2",9.89793299959274
"794","temporal_beta_div_2",9.85029100047541
"795","temporal_beta_div_2",9.70879999658791
"796","temporal_beta_div_2",9.8878880016855
"797","temporal_beta_div_2",26.9900130006135
"798","temporal_beta_div_2",17.4770289995649
"799","temporal_beta_div_2",10.1216289986041
"800","temporal_beta_div_2",9.56210200092755
"801","temporal_beta_div_3",10.947123002552
"802","temporal_beta_div_3",10.1671390002593
"803","temporal_beta_div_3",10.0802189990645
"804","temporal_beta_div_3",10.180709999986
"805","temporal_beta_div_3",9.87899099709466
"806","temporal_beta_div_3",9.27916100044968
"807","temporal_beta_div_3",9.12245899962727
"808","temporal_beta_div_3",9.03545700202812
"809","temporal_beta_div_3",8.98498600145103
"810","temporal_beta_div_3",8.99478499923134
"811","temporal_beta_div_3",9.22819799961871
"812","temporal_beta_div_3",9.1598509970936
"813","temporal_beta_div_3",9.19281499955105
"814","temporal_beta_div_3",9.26247399911517
"815","temporal_beta_div_3",9.22126899968134
"816","temporal_beta_div_3",9.06932300131302
"817","temporal_beta_div_3",9.16038399736863
"818","temporal_beta_div_3",9.27465099812252
"819","temporal_beta_div_3",9.22586099841283
"820","temporal_beta_div_3",8.97719600106939
"821","temporal_beta_div_3",8.92090300112613
"822","temporal_beta_div_3",9.13000299988198
"823","temporal_beta_div_3",9.14115499836043
"824","temporal_beta_div_3",9.21815300171147
"825","temporal_beta_div_3",9.17920299980324
"826","temporal_beta_div_3",9.11950700174202
"827","temporal_beta_div_3",9.02491999659105
"828","temporal_beta_div_3",9.21745599771384
"829","temporal_beta_div_3",9.19084700217354
"830","temporal_beta_div_3",9.20962500094902
"831","temporal_beta_div_3",9.17846499942243
"832","temporal_beta_div_3",9.19560300098965
"833","temporal_beta_div_3",9.04587100012577
"834","temporal_beta_div_3",9.01315300143324
"835","temporal_beta_div_3",9.42405499881716
"836","temporal_beta_div_3",9.11639100013417
"837","temporal_beta_div_3",9.06481300262385
"838","temporal_beta_div_3",9.02594500075793
"839","temporal_beta_div_3",8.9244700029667
"840","temporal_beta_div_3",8.97453099969425
"841","temporal_beta_div_3",9.36419500067132
"842","temporal_beta_div_3",9.11294699835707
"843","temporal_beta_div_3",9.09822800167603
"844","temporal_beta_div_3",8.99990999823785
"845","temporal_beta_div_3",9.04775699746097
"846","temporal_beta_div_3",8.95530199704808
"847","temporal_beta_div_3",9.07002000167267
"848","temporal_beta_div_3",9.35734800077626
"849","temporal_beta_div_3",9.00999599980423
"850","temporal_beta_div_3",35.9305550009594
"851","temporal_beta_div_3",9.7210179992544
"852","temporal_beta_div_3",9.46325100085232
"853","temporal_beta_div_3",9.56718599991291
"854","temporal_beta_div_3",9.38276799934101
"855","temporal_beta_div_3",9.45402599973022
"856","temporal_beta_div_3",9.4145840012061
"857","temporal_beta_div_3",9.57337699946947
"858","temporal_beta_div_3",9.52548900022521
"859","temporal_beta_div_3",9.40704000095138
"860","temporal_beta_div_3",9.37251800132799
"861","temporal_beta_div_3",8.96087799992529
"862","temporal_beta_div_3",8.80552899980103
"863","temporal_beta_div_3",8.7480059992231
"864","temporal_beta_div_3",8.76625100136152
"865","temporal_beta_div_3",8.77379500161624
"866","temporal_beta_div_3",9.0016319991264
"867","temporal_beta_div_3",8.91032499930589
"868","temporal_beta_div_3",8.93381800051429
"869","temporal_beta_div_3",8.85673799712094
"870","temporal_beta_div_3",8.93430999713019
"871","temporal_beta_div_3",9.01626899940311
"872","temporal_beta_div_3",8.98314100049902
"873","temporal_beta_div_3",9.38883600247209
"874","temporal_beta_div_3",9.50355399982072
"875","temporal_beta_div_3",9.69826300206478
"876","temporal_beta_div_3",9.97374199869228
"877","temporal_beta_div_3",9.83315299890819
"878","temporal_beta_div_3",9.88243499887176
"879","temporal_beta_div_3",9.76845500190393
"880","temporal_beta_div_3",9.85086500077159
"881","temporal_beta_div_3",9.86414900035015
"882","temporal_beta_div_3",9.94881400038139
"883","temporal_beta_div_3",9.91351300035603
"884","temporal_beta_div_3",9.8794010009442
"885","temporal_beta_div_3",9.78821699754917
"886","temporal_beta_div_3",9.82929900055751
"887","temporal_beta_div_3",9.89305400071316
"888","temporal_beta_div_3",10.1333549973788
"889","temporal_beta_div_3",9.72450299741467
"890","temporal_beta_div_3",9.76382199951331
"891","temporal_beta_div_3",9.68067400026484
"892","temporal_beta_div_3",9.66529899960733
"893","temporal_beta_div_3",9.89842499984661
"894","temporal_beta_div_3",9.95590700040339
"895","temporal_beta_div_3",9.61946099778288
"896","temporal_beta_div_3",9.84471500123618
"897","temporal_beta_div_3",9.82507600201643
"898","temporal_beta_div_3",9.65103099952103
"899","temporal_beta_div_3",9.72191999971983
"900","temporal_beta_div_3",9.1352920026111
"901","DNCI_multigroup_result",3035.37862500161
"902","DNCI_multigroup_result",3128.24489600098
"903","DNCI_multigroup_result",3198.69671299966
"904","DNCI_multigroup_result",3118.73252700025
"905","DNCI_multigroup_result",3138.53769999696
"906","DNCI_multigroup_result",3176.51440099871
"907","DNCI_multigroup_result",3149.02336799787
"908","DNCI_multigroup_result",3127.75506899925
"909","DNCI_multigroup_result",3101.14442900158
"910","DNCI_multigroup_result",3176.16557300062
"911","DNCI_multigroup_result",3061.43350999992
"912","DNCI_multigroup_result",3123.48442699658
"913","DNCI_multigroup_result",3155.04782599965
"914","DNCI_multigroup_result",3054.60692800261
"915","DNCI_multigroup_result",3038.80905400001
"916","DNCI_multigroup_result",3181.32140500165
"917","DNCI_multigroup_result",3176.16819699833
"918","DNCI_multigroup_result",3168.58479599978
"919","DNCI_multigroup_result",3170.49736400077
"920","DNCI_multigroup_result",3132.36564199906
"921","DNCI_multigroup_result",3026.45107999706
"922","DNCI_multigroup_result",3102.65257299761
"923","DNCI_multigroup_result",3123.4148500007
"924","DNCI_multigroup_result",3088.64607099895
"925","DNCI_multigroup_result",3194.75665400023
"926","DNCI_multigroup_result",3091.36305900029
"927","DNCI_multigroup_result",3149.08782000202
"928","DNCI_multigroup_result",3081.88238300136
"929","DNCI_multigroup_result",3174.37891599911
"930","DNCI_multigroup_result",3227.37367099762
"931","DNCI_multigroup_result",3103.10472099809
"932","DNCI_multigroup_result",3186.61327500013
"933","DNCI_multigroup_result",3228.91436899954
"934","DNCI_multigroup_result",3173.53771900162
"935","DNCI_multigroup_result",3205.25589300087
"936","DNCI_multigroup_result",3179.27345499993
"937","DNCI_multigroup_result",3181.66027000188
"938","DNCI_multigroup_result",3195.30138000118
"939","DNCI_multigroup_result",3234.60717800117
"940","DNCI_multigroup_result",3185.84800999815
"941","DNCI_multigroup_result",2937.95688499813
"942","DNCI_multigroup_result",3254.36069100033
"943","DNCI_multigroup_result",3167.76364799807
"944","DNCI_multigroup_result",3112.18810699938
"945","DNCI_multigroup_result",3063.31963300181
"946","DNCI_multigroup_result",3107.03260299852
"947","DNCI_multigroup_result",3170.22151600031
"948","DNCI_multigroup_result",3192.02814500022
"949","DNCI_multigroup_result",3103.7441160006
"950","DNCI_multigroup_result",3139.31768399925
"951","DNCI_multigroup_result",3191.24119099797
"952","DNCI_multigroup_result",3064.22433899934
"953","DNCI_multigroup_result",3089.54515999721
"954","DNCI_multigroup_result",3131.02715599962
"955","DNCI_multigroup_result",3071.11943199925
"956","DNCI_multigroup_result",3162.98485199877
"957","DNCI_multigroup_result",3108.67493999831
"958","DNCI_multigroup_result",3149.29872399807
"959","DNCI_multigroup_result",3239.36166100248
"960","DNCI_multigroup_result",3141.49060199998
"961","DNCI_multigroup_result",3169.42496800038
"962","DNCI_multigroup_result",3111.81590900014
"963","DNCI_multigroup_result",3128.27855700016
"964","DNCI_multigroup_result",3103.71213599865
"965","DNCI_multigroup_result",3159.64253199854
"966","DNCI_multigroup_result",3095.86129200034
"967","DNCI_multigroup_result",3111.00956200244
"968","DNCI_multigroup_result",3237.9509329985
"969","DNCI_multigroup_result",3080.59973900163
"970","DNCI_multigroup_result",3075.23037899955
"971","DNCI_multigroup_result",3084.02705200206
"972","DNCI_multigroup_result",3139.31772499927
"973","DNCI_multigroup_result",3237.94035500032
"974","DNCI_multigroup_result",3092.19523600041
"975","DNCI_multigroup_result",3181.73382399982
"976","DNCI_multigroup_result",3117.78145000062
"977","DNCI_multigroup_result",3174.59769199922
"978","DNCI_multigroup_result",3139.28295699952
"979","DNCI_multigroup_result",3227.84886099907
"980","DNCI_multigroup_result",3128.62492500062
"981","DNCI_multigroup_result",3213.98311200028
"982","DNCI_multigroup_result",3199.49268699929
"983","DNCI_multigroup_result",3184.62641500082
"984","DNCI_multigroup_result",3130.57738600037
"985","DNCI_multigroup_result",3181.50738100303
"986","DNCI_multigroup_result",3142.35287299744
"987","DNCI_multigroup_result",3184.59861699739
"988","DNCI_multigroup_result",3159.11416499875
"989","DNCI_multigroup_result",3172.9347319997
"990","DNCI_multigroup_result",3153.47883800132
"991","DNCI_multigroup_result",3139.91603799877
"992","DNCI_multigroup_result",3137.85611599815
"993","DNCI_multigroup_result",3127.57024099847
"994","DNCI_multigroup_result",3201.51009199981
"995","DNCI_multigroup_result",3223.89359099907
"996","DNCI_multigroup_result",3140.67248799984
"997","DNCI_multigroup_result",3061.01842600037
"998","DNCI_multigroup_result",3077.11789600216
"999","DNCI_multigroup_result",3123.56302400076
"1000","DNCI_multigroup_result",3106.26783000043
"1001","prop_patches_result",17.8521380003076
"1002","prop_patches_result",14.3213409974123
"1003","prop_patches_result",33.0868769997323
"1004","prop_patches_result",9.22561500192387
"1005","prop_patches_result",7.73665900123888
"1006","prop_patches_result",7.58967399815447
"1007","prop_patches_result",7.72599899937632
"1008","prop_patches_result",7.60947700109682
"1009","prop_patches_result",7.7817999990657
"1010","prop_patches_result",7.61058400166803
"1011","prop_patches_result",7.63551199997892
"1012","prop_patches_result",7.53612799962866
"1013","prop_patches_result",7.5176369973633
"1014","prop_patches_result",7.58053100071265
"1015","prop_patches_result",7.50459900154965
"1016","prop_patches_result",7.00210300055915
"1017","prop_patches_result",7.02284900035011
"1018","prop_patches_result",6.92260399955558
"1019","prop_patches_result",6.9389219970617
"1020","prop_patches_result",6.97409999702359
"1021","prop_patches_result",7.20177300172509
"1022","prop_patches_result",7.14650499867275
"1023","prop_patches_result",7.57700499889324
"1024","prop_patches_result",7.1572879969608
"1025","prop_patches_result",7.09004799864488
"1026","prop_patches_result",7.09673099845531
"1027","prop_patches_result",7.13514800008852
"1028","prop_patches_result",7.0858250001038
"1029","prop_patches_result",7.17073600026197
"1030","prop_patches_result",7.11345899981097
"1031","prop_patches_result",7.03252500170493
"1032","prop_patches_result",7.05544399897917
"1033","prop_patches_result",7.19521300197812
"1034","prop_patches_result",7.14974400034407
"1035","prop_patches_result",6.95675700262655
"1036","prop_patches_result",6.99742900178535
"1037","prop_patches_result",7.1030859980965
"1038","prop_patches_result",6.93375599803403
"1039","prop_patches_result",6.95802800328238
"1040","prop_patches_result",6.94101299814065
"1041","prop_patches_result",6.92510499720811
"1042","prop_patches_result",6.96643299670541
"1043","prop_patches_result",6.86733600014122
"1044","prop_patches_result",6.94888500220259
"1045","prop_patches_result",7.0177240013436
"1046","prop_patches_result",6.90780299919425
"1047","prop_patches_result",7.03043400062597
"1048","prop_patches_result",6.97893799951999
"1049","prop_patches_result",6.87131299855537
"1050","prop_patches_result",6.85294499999145
"1051","prop_patches_result",6.89369899919257
"1052","prop_patches_result",6.83379799738759
"1053","prop_patches_result",6.86864799718023
"1054","prop_patches_result",6.88861500020721
"1055","prop_patches_result",6.86114500058466
"1056","prop_patches_result",6.87635600115755
"1057","prop_patches_result",6.95323100080714
"1058","prop_patches_result",7.24769299995387
"1059","prop_patches_result",7.13891999839689
"1060","prop_patches_result",7.00833500013687
"1061","prop_patches_result",6.94974599900888
"1062","prop_patches_result",6.92858999900636
"1063","prop_patches_result",6.96737599719199
"1064","prop_patches_result",7.06589899709797
"1065","prop_patches_result",7.25130099817761
"1066","prop_patches_result",7.93468900155858
"1067","prop_patches_result",23.1319949998579
"1068","prop_patches_result",7.58528699952876
"1069","prop_patches_result",7.48340200152597
"1070","prop_patches_result",7.47282399970572
"1071","prop_patches_result",7.48295100129326
"1072","prop_patches_result",7.3149329982698
"1073","prop_patches_result",7.34863500110805
"1074","prop_patches_result",7.52395100062131
"1075","prop_patches_result",7.5278869990143
"1076","prop_patches_result",7.35736800197628
"1077","prop_patches_result",7.35396500022034
"1078","prop_patches_result",7.45896599983098
"1079","prop_patches_result",7.29180899725179
"1080","prop_patches_result",6.87213300261647
"1081","prop_patches_result",6.85454400081653
"1082","prop_patches_result",6.79570899956161
"1083","prop_patches_result",6.83363400094095
"1084","prop_patches_result",6.89820899788174
"1085","prop_patches_result",7.0292039999913
"1086","prop_patches_result",6.95622399871354
"1087","prop_patches_result",6.99435400019865
"1088","prop_patches_result",6.93941400095355
"1089","prop_patches_result",6.89140300164581
"1090","prop_patches_result",6.91784800073947
"1091","prop_patches_result",6.92813899877365
"1092","prop_patches_result",6.92473599701771
"1093","prop_patches_result",6.98557999930927
"1094","prop_patches_result",7.11161399885896
"1095","prop_patches_result",7.20890700176824
"1096","prop_patches_result",7.43764599974384
"1097","prop_patches_result",7.7592090019607
"1098","prop_patches_result",7.55506999848876
"1099","prop_patches_result",7.59147800272331
"1100","prop_patches_result",7.46720700044534
"1101","CV_meta_result",14.2977659997996
"1102","CV_meta_result",14.7948089979764
"1103","CV_meta_result",14.4561490014894
"1104","CV_meta_result",14.6838629989361
"1105","CV_meta_result",14.5083419993171
"1106","CV_meta_result",14.2622190032853
"1107","CV_meta_result",14.4561900015105
"1108","CV_meta_result",14.3602909993206
"1109","CV_meta_result",14.2686970029899
"1110","CV_meta_result",14.3580770018161
"1111","CV_meta_result",14.2886230023578
"1112","CV_meta_result",14.3460639992554
"1113","CV_meta_result",14.2661959980614
"1114","CV_meta_result",14.4193310006813
"1115","CV_meta_result",14.4632010014902
"1116","CV_meta_result",14.5465949972277
"1117","CV_meta_result",45.0321040007111
"1118","CV_meta_result",54.7081450022233
"1119","CV_meta_result",17.416349000996
"1120","CV_meta_result",16.4328409991867
"1121","CV_meta_result",14.5695140017779
"1122","CV_meta_result",14.1516419971595
"1123","CV_meta_result",14.083745998505
"1124","CV_meta_result",14.0843199988012
"1125","CV_meta_result",13.9457810000749
"1126","CV_meta_result",14.4013729986909
"1127","CV_meta_result",14.0951439971104
"1128","CV_meta_result",14.0559070023301
"1129","CV_meta_result",14.1206869993766
"1130","CV_meta_result",14.2345849999401
"1131","CV_meta_result",14.588988997275
"1132","CV_meta_result",14.2882130021462
"1133","CV_meta_result",14.2591440016986
"1134","CV_meta_result",14.1247870014922
"1135","CV_meta_result",14.1524620012206
"1136","CV_meta_result",14.4440539988864
"1137","CV_meta_result",14.7505289969558
"1138","CV_meta_result",14.855940000416
"1139","CV_meta_result",14.7761129992432
"1140","CV_meta_result",16.0576909984229
"1141","CV_meta_result",15.1545839980827
"1142","CV_meta_result",60.7845090016781
"1143","CV_meta_result",16.5954469994176
"1144","CV_meta_result",15.9059090001392
"1145","CV_meta_result",13.8975239970023
"1146","CV_meta_result",13.8474220002536
"1147","CV_meta_result",13.7834619999921
"1148","CV_meta_result",13.7840360002883
"1149","CV_meta_result",13.9935459992557
"1150","CV_meta_result",14.3245389990625
"1151","CV_meta_result",14.3242519989144
"1152","CV_meta_result",14.1973980025796
"1153","CV_meta_result",14.2900989994814
"1154","CV_meta_result",14.2026049979904
"1155","CV_meta_result",14.3889909995778
"1156","CV_meta_result",14.1939130007813
"1157","CV_meta_result",14.4135500013363
"1158","CV_meta_result",14.2584059976798
"1159","CV_meta_result",14.3406110000797
"1160","CV_meta_result",14.2215880005097
"1161","CV_meta_result",14.0978500021447
"1162","CV_meta_result",14.0999819996068
"1163","CV_meta_result",14.119210998615
"1164","CV_meta_result",14.032250001037
"1165","CV_meta_result",56.9956990002538
"1166","CV_meta_result",16.4669939986197
"1167","CV_meta_result",16.6479680010525
"1168","CV_meta_result",14.0362269994512
"1169","CV_meta_result",13.7786239974957
"1170","CV_meta_result",13.8048230001004
"1171","CV_meta_result",13.990717001434
"1172","CV_meta_result",13.818106999679
"1173","CV_meta_result",14.3679989996599
"1174","CV_meta_result",14.0248700008669
"1175","CV_meta_result",13.9370069991855
"1176","CV_meta_result",13.9599670001189
"1177","CV_meta_result",13.9872319996357
"1178","CV_meta_result",14.0356939991761
"1179","CV_meta_result",14.0329879977799
"1180","CV_meta_result",14.0868620001129
"1181","CV_meta_result",14.1095349972602
"1182","CV_meta_result",13.9762029975827
"1183","CV_meta_result",14.0681660013797
"1184","CV_meta_result",14.0053130016895
"1185","CV_meta_result",13.9909630015609
"1186","CV_meta_result",14.0201960020931
"1187","CV_meta_result",13.9502910024021
"1188","CV_meta_result",54.8721860031947
"1189","CV_meta_result",18.3213420023094
"1190","CV_meta_result",16.7396439974254
"1191","CV_meta_result",15.0696730015625
"1192","CV_meta_result",14.117899001576
"1193","CV_meta_result",13.9998599988758
"1194","CV_meta_result",14.0287649992388
"1195","CV_meta_result",14.1668530013703
"1196","CV_meta_result",14.5767300018633
"1197","CV_meta_result",14.3145760011976
"1198","CV_meta_result",14.2948550019355
"1199","CV_meta_result",13.9738660000148
"1200","CV_meta_result",14.0285189991118
"1201","hypervolume_det_result",0.04140999953961
"1202","hypervolume_det_result",0.0292330005322583
"1203","hypervolume_det_result",0.0258299987763166
"1204","hypervolume_det_result",0.0253379985224456
"1205","hypervolume_det_result",0.0262809990090318
"1206","hypervolume_det_result",0.0271419994533062
"1207","hypervolume_det_result",0.0274699996225536
"1208","hypervolume_det_result",0.0264039990724996
"1209","hypervolume_det_result",0.0259939988609403
"1210","hypervolume_det_result",0.0259529988397844
"1211","hypervolume_det_result",0.0259119988186285
"1212","hypervolume_det_result",0.0263219990301877
"1213","hypervolume_det_result",0.02619899896672
"1214","hypervolume_det_result",0.0261169989244081
"1215","hypervolume_det_result",0.0260349988820963
"1216","hypervolume_det_result",0.0256250023085158
"1217","hypervolume_det_result",0.0245180017373059
"1218","hypervolume_det_result",0.0239849978243001
"1219","hypervolume_det_result",0.0239850014622789
"1220","hypervolume_det_result",0.0259530024777632
"1221","hypervolume_det_result",0.0264449990936555
"1222","hypervolume_det_result",0.0259119988186285
"1223","hypervolume_det_result",0.0315699981001671
"1224","hypervolume_det_result",0.0275519996648654
"1225","hypervolume_det_result",0.0268959993263707
"1226","hypervolume_det_result",0.026690999220591
"1227","hypervolume_det_result",0.0266499991994351
"1228","hypervolume_det_result",0.0269780030066613
"1229","hypervolume_det_result",0.0266499991994351
"1230","hypervolume_det_result",0.0273059995379299
"1231","hypervolume_det_result",0.026157998945564
"1232","hypervolume_det_result",0.0281669999822043
"1233","hypervolume_det_result",0.0265270027739462
"1234","hypervolume_det_result",0.0263220026681665
"1235","hypervolume_det_result",0.0264859991148114
"1236","hypervolume_det_result",0.0266499991994351
"1237","hypervolume_det_result",0.0271009994321503
"1238","hypervolume_det_result",0.0268549993052147
"1239","hypervolume_det_result",0.026157998945564
"1240","hypervolume_det_result",0.0264040027104784
"1241","hypervolume_det_result",0.0271010030701291
"1242","hypervolume_det_result",0.0277569997706451
"1243","hypervolume_det_result",0.0264859991148114
"1244","hypervolume_det_result",0.0271009994321503
"1245","hypervolume_det_result",0.0255019986070693
"1246","hypervolume_det_result",0.0256659986916929
"1247","hypervolume_det_result",0.0259529988397844
"1248","hypervolume_det_result",0.0264449990936555
"1249","hypervolume_det_result",0.02619899896672
"1250","hypervolume_det_result",0.0255840022873599
"1251","hypervolume_det_result",0.02447700171615
"1252","hypervolume_det_result",0.0235749976127408
"1253","hypervolume_det_result",0.0241080015257467
"1254","hypervolume_det_result",0.0256250023085158
"1255","hypervolume_det_result",0.0255840022873599
"1256","hypervolume_det_result",0.0256250023085158
"1257","hypervolume_det_result",0.0259120024566073
"1258","hypervolume_det_result",0.0253790021815803
"1259","hypervolume_det_result",0.0255020022450481
"1260","hypervolume_det_result",0.028864000341855
"1261","hypervolume_det_result",0.026157998945564
"1262","hypervolume_det_result",0.0260349988820963
"1263","hypervolume_det_result",0.026690999220591
"1264","hypervolume_det_result",0.0255839986493811
"1265","hypervolume_det_result",0.0260759989032522
"1266","hypervolume_det_result",0.0267729992629029
"1267","hypervolume_det_result",0.0262399989878759
"1268","hypervolume_det_result",0.0254609985859133
"1269","hypervolume_det_result",0.0260759989032522
"1270","hypervolume_det_result",0.0257069987128489
"1271","hypervolume_det_result",0.0259939988609403
"1272","hypervolume_det_result",0.0264449990936555
"1273","hypervolume_det_result",0.0273059995379299
"1274","hypervolume_det_result",0.0273469995590858
"1275","hypervolume_det_result",0.0263629990513436
"1276","hypervolume_det_result",0.0264039990724996
"1277","hypervolume_det_result",0.027264999516774
"1278","hypervolume_det_result",0.027797999791801
"1279","hypervolume_det_result",0.0270600030489732
"1280","hypervolume_det_result",0.026690999220591
"1281","hypervolume_det_result",0.0267729992629029
"1282","hypervolume_det_result",0.0270599994109944
"1283","hypervolume_det_result",0.0907739995454904
"1284","hypervolume_det_result",0.0562109999009408
"1285","hypervolume_det_result",0.0393190020986367
"1286","hypervolume_det_result",0.0323079984809738
"1287","hypervolume_det_result",0.030463001166936
"1288","hypervolume_det_result",0.0292330005322583
"1289","hypervolume_det_result",0.0285770001937635
"1290","hypervolume_det_result",0.0286180002149194
"1291","hypervolume_det_result",0.0280029998975806
"1292","hypervolume_det_result",0.0275519996648654
"1293","hypervolume_det_result",0.0283720000879839
"1294","hypervolume_det_result",0.0278389998129569
"1295","hypervolume_det_result",0.0281669999822043
"1296","hypervolume_det_result",0.027264999516774
"1297","hypervolume_det_result",0.0278389998129569
"1298","hypervolume_det_result",0.0270600030489732
"1299","hypervolume_det_result",0.0255840022873599
"1300","hypervolume_det_result",0.0251330020546447
"1301","hypervolume_dis_result",0.410246000683401
"1302","hypervolume_dis_result",0.283064000541344
"1303","hypervolume_dis_result",0.254979000601452
"1304","hypervolume_dis_result",0.252723999437876
"1305","hypervolume_dis_result",0.244646998908138
"1306","hypervolume_dis_result",0.217750999581767
"1307","hypervolume_dis_result",0.219186000322225
"1308","hypervolume_dis_result",0.214758001675364
"1309","hypervolume_dis_result",0.214307001442648
"1310","hypervolume_dis_result",0.216233998798998
"1311","hypervolume_dis_result",0.213732997508487
"1312","hypervolume_dis_result",0.213200000871439
"1313","hypervolume_dis_result",0.214061001315713
"1314","hypervolume_dis_result",0.213979001273401
"1315","hypervolume_dis_result",0.273756999376928
"1316","hypervolume_dis_result",0.218406999920262
"1317","hypervolume_dis_result",0.366539999959059
"1318","hypervolume_dis_result",0.215455002035014
"1319","hypervolume_dis_result",0.211026999750175
"1320","hypervolume_dis_result",0.211806000152137
"1321","hypervolume_dis_result",0.193971001863247
"1322","hypervolume_dis_result",0.192536001122789
"1323","hypervolume_dis_result",0.367442000424489
"1324","hypervolume_dis_result",0.244769998971606
"1325","hypervolume_dis_result",0.31000100352685
"1326","hypervolume_dis_result",0.198153000383172
"1327","hypervolume_dis_result",0.191470000572735
"1328","hypervolume_dis_result",0.190937000297708
"1329","hypervolume_dis_result",0.189378999493783
"1330","hypervolume_dis_result",0.188230998901417
"1331","hypervolume_dis_result",0.189255999430316
"1332","hypervolume_dis_result",0.188231002539396
"1333","hypervolume_dis_result",0.184992000868078
"1334","hypervolume_dis_result",0.188312998943729
"1335","hypervolume_dis_result",0.187738998647546
"1336","hypervolume_dis_result",0.188026002433617
"1337","hypervolume_dis_result",0.187656998605235
"1338","hypervolume_dis_result",0.185115000931546
"1339","hypervolume_dis_result",0.192167000932386
"1340","hypervolume_dis_result",0.187861998711014
"1341","hypervolume_dis_result",0.184335996891605
"1342","hypervolume_dis_result",0.19142900055158
"1343","hypervolume_dis_result",0.185238000995014
"1344","hypervolume_dis_result",0.185443001100793
"1345","hypervolume_dis_result",0.186673001735471
"1346","hypervolume_dis_result",0.186468001629692
"1347","hypervolume_dis_result",0.185197000973858
"1348","hypervolume_dis_result",0.186468001629692
"1349","hypervolume_dis_result",0.171708001289517
"1350","hypervolume_dis_result",0.166992998856585
"1351","hypervolume_dis_result",0.165311997989193
"1352","hypervolume_dis_result",0.167115998920053
"1353","hypervolume_dis_result",0.166542002261849
"1354","hypervolume_dis_result",0.167443999089301
"1355","hypervolume_dis_result",0.166992998856585
"1356","hypervolume_dis_result",0.167443999089301
"1357","hypervolume_dis_result",0.168017999385484
"1358","hypervolume_dis_result",0.168140999448951
"1359","hypervolume_dis_result",0.17470099919592
"1360","hypervolume_dis_result",0.174167998920893
"1361","hypervolume_dis_result",0.265187998593319
"1362","hypervolume_dis_result",0.207788001716835
"1363","hypervolume_dis_result",0.180727998667862
"1364","hypervolume_dis_result",0.17580799976713
"1365","hypervolume_dis_result",0.171790001331829
"1366","hypervolume_dis_result",0.169740000274032
"1367","hypervolume_dis_result",0.171051997313043
"1368","hypervolume_dis_result",0.240629000472836
"1369","hypervolume_dis_result",0.192659001186257
"1370","hypervolume_dis_result",0.170683000760619
"1371","hypervolume_dis_result",0.171380001120269
"1372","hypervolume_dis_result",0.169699000252876
"1373","hypervolume_dis_result",0.167730999237392
"1374","hypervolume_dis_result",0.168591999681666
"1375","hypervolume_dis_result",0.184664000698831
"1376","hypervolume_dis_result",0.17076500080293
"1377","hypervolume_dis_result",0.165147997904569
"1378","hypervolume_dis_result",0.166500998602714
"1379","hypervolume_dis_result",0.166336998518091
"1380","hypervolume_dis_result",0.166460002219537
"1381","hypervolume_dis_result",0.161416999617359
"1382","hypervolume_dis_result",0.151289998029824
"1383","hypervolume_dis_result",0.151371998072136
"1384","hypervolume_dis_result",0.153503999172244
"1385","hypervolume_dis_result",0.151905001985142
"1386","hypervolume_dis_result",0.151741001900518
"1387","hypervolume_dis_result",0.152643002365949
"1388","hypervolume_dis_result",0.152110002090922
"1389","hypervolume_dis_result",0.15202800204861
"1390","hypervolume_dis_result",0.152519998664502
"1391","hypervolume_dis_result",0.152109998452943
"1392","hypervolume_dis_result",0.151904998347163
"1393","hypervolume_dis_result",0.151208001625491
"1394","hypervolume_dis_result",0.150962001498556
"1395","hypervolume_dis_result",0.152602002344793
"1396","hypervolume_dis_result",0.150265001138905
"1397","hypervolume_dis_result",0.151700001879362
"1398","hypervolume_dis_result",0.151085001562024
"1399","hypervolume_dis_result",0.215004001802299
"1400","hypervolume_dis_result",0.174208998942049
