TestCase,Time
beta_diversity_1,0.101084
beta_diversity_1,0.040292
beta_diversity_1,0.037167
beta_diversity_1,0.036709
beta_diversity_1,0.036292
beta_diversity_1,0.037125
beta_diversity_1,0.036458
beta_diversity_1,0.036333
beta_diversity_1,0.036875
beta_diversity_1,0.039292
beta_diversity_1,0.037041
beta_diversity_1,0.03625
beta_diversity_1,0.036333
beta_diversity_1,0.036042
beta_diversity_1,0.036209
beta_diversity_1,0.035916
beta_diversity_1,0.037542
beta_diversity_1,0.036333
beta_diversity_1,0.039791
beta_diversity_1,0.045958
beta_diversity_1,0.044084
beta_diversity_1,0.04225
beta_diversity_1,0.038
beta_diversity_1,0.05025
beta_diversity_1,0.037
beta_diversity_1,0.036459
beta_diversity_1,0.037541
beta_diversity_1,0.038209
beta_diversity_1,0.039625
beta_diversity_1,0.03925
beta_diversity_1,0.045792
beta_diversity_1,0.039917
beta_diversity_1,0.040458
beta_diversity_1,0.039791
beta_diversity_1,0.038541
beta_diversity_1,0.036792
beta_diversity_1,0.037125
beta_diversity_1,0.036125
beta_diversity_1,0.036792
beta_diversity_1,0.037458
beta_diversity_1,0.03925
beta_diversity_1,0.039417
beta_diversity_1,0.039333
beta_diversity_1,0.039375
beta_diversity_1,0.040208
beta_diversity_1,0.039417
beta_diversity_1,0.039167
beta_diversity_1,0.037667
beta_diversity_1,0.0365
beta_diversity_1,0.035916
beta_diversity_1,0.035459
beta_diversity_1,0.037875
beta_diversity_1,0.037584
beta_diversity_1,0.041083
beta_diversity_1,0.041375
beta_diversity_1,0.042375
beta_diversity_1,0.064
beta_diversity_1,0.045417
beta_diversity_1,0.042459
beta_diversity_1,0.077667
beta_diversity_1,0.043333
beta_diversity_1,0.040708
beta_diversity_1,0.04725
beta_diversity_1,0.047833
beta_diversity_1,0.046833
beta_diversity_1,0.046625
beta_diversity_1,0.035167
beta_diversity_1,0.034583
beta_diversity_1,0.036959
beta_diversity_1,0.040875
beta_diversity_1,0.035792
beta_diversity_1,0.0345
beta_diversity_1,0.036042
beta_diversity_1,0.03775
beta_diversity_1,0.038375
beta_diversity_1,0.037875
beta_diversity_1,0.03775
beta_diversity_1,0.038166
beta_diversity_1,0.037792
beta_diversity_1,0.037375
beta_diversity_1,0.037625
beta_diversity_1,0.04075
beta_diversity_1,0.038125
beta_diversity_1,0.035834
beta_diversity_1,0.034416
beta_diversity_1,0.035791
beta_diversity_1,0.037
beta_diversity_1,0.037792
beta_diversity_1,0.038209
beta_diversity_1,0.037792
beta_diversity_1,0.037416
beta_diversity_1,0.037875
beta_diversity_1,0.0375
beta_diversity_1,0.037666
beta_diversity_1,0.037833
beta_diversity_1,0.037541
beta_diversity_1,0.036542
beta_diversity_1,0.03575
beta_diversity_1,0.037959
beta_diversity_1,0.038167
beta_diversity_2,0.045833
beta_diversity_2,0.015958
beta_diversity_2,0.008
beta_diversity_2,0.007583
beta_diversity_2,0.006209
beta_diversity_2,0.007083
beta_diversity_2,0.006
beta_diversity_2,0.006875
beta_diversity_2,0.006375
beta_diversity_2,0.008208
beta_diversity_2,0.008084
beta_diversity_2,0.006458
beta_diversity_2,0.00625
beta_diversity_2,0.009375
beta_diversity_2,0.006625
beta_diversity_2,0.008
beta_diversity_2,0.006459
beta_diversity_2,0.007917
beta_diversity_2,0.008667
beta_diversity_2,0.00875
beta_diversity_2,0.00775
beta_diversity_2,0.007667
beta_diversity_2,0.010458
beta_diversity_2,0.008292
beta_diversity_2,0.008958
beta_diversity_2,0.009583
beta_diversity_2,0.008625
beta_diversity_2,0.01825
beta_diversity_2,0.007917
beta_diversity_2,0.00675
beta_diversity_2,0.008292
beta_diversity_2,0.009
beta_diversity_2,0.014375
beta_diversity_2,0.012916
beta_diversity_2,0.00875
beta_diversity_2,0.008458
beta_diversity_2,0.010417
beta_diversity_2,0.008959
beta_diversity_2,0.009084
beta_diversity_2,0.008417
beta_diversity_2,0.009167
beta_diversity_2,0.010083
beta_diversity_2,0.00775
beta_diversity_2,0.008208
beta_diversity_2,0.008292
beta_diversity_2,0.009
beta_diversity_2,0.00975
beta_diversity_2,0.008042
beta_diversity_2,0.007916
beta_diversity_2,0.009167
beta_diversity_2,0.008542
beta_diversity_2,0.007792
beta_diversity_2,0.008666
beta_diversity_2,0.008083
beta_diversity_2,0.008208
beta_diversity_2,0.007583
beta_diversity_2,0.007667
beta_diversity_2,0.007959
beta_diversity_2,0.007083
beta_diversity_2,0.007542
beta_diversity_2,0.00725
beta_diversity_2,0.007959
beta_diversity_2,0.007333
beta_diversity_2,0.00775
beta_diversity_2,0.007583
beta_diversity_2,0.007583
beta_diversity_2,0.007667
beta_diversity_2,0.00775
beta_diversity_2,0.008125
beta_diversity_2,0.008
beta_diversity_2,0.00775
beta_diversity_2,0.007625
beta_diversity_2,0.007833
beta_diversity_2,0.007875
beta_diversity_2,0.006833
beta_diversity_2,0.007417
beta_diversity_2,0.00825
beta_diversity_2,0.007959
beta_diversity_2,0.007417
beta_diversity_2,0.007417
beta_diversity_2,0.007542
beta_diversity_2,0.007833
beta_diversity_2,0.007292
beta_diversity_2,0.007625
beta_diversity_2,0.006708
beta_diversity_2,0.004875
beta_diversity_2,0.004625
beta_diversity_2,0.005916
beta_diversity_2,0.006041
beta_diversity_2,0.0075
beta_diversity_2,0.007375
beta_diversity_2,0.007625
beta_diversity_2,0.005541
beta_diversity_2,0.005041
beta_diversity_2,0.005875
beta_diversity_2,0.005541
beta_diversity_2,0.008
beta_diversity_2,0.007541
beta_diversity_2,0.006292
beta_diversity_2,0.005917
beta_diversity_3,0.041458
beta_diversity_3,0.012625
beta_diversity_3,0.007
beta_diversity_3,0.006459
beta_diversity_3,0.008166
beta_diversity_3,0.00625
beta_diversity_3,0.010625
beta_diversity_3,0.005792
beta_diversity_3,0.006042
beta_diversity_3,0.005375
beta_diversity_3,0.006
beta_diversity_3,0.006
beta_diversity_3,0.00575
beta_diversity_3,0.005917
beta_diversity_3,0.005958
beta_diversity_3,0.006458
beta_diversity_3,0.005583
beta_diversity_3,0.01075
beta_diversity_3,0.005666
beta_diversity_3,0.006042
beta_diversity_3,0.010125
beta_diversity_3,0.0055
beta_diversity_3,0.006667
beta_diversity_3,0.006083
beta_diversity_3,0.006416
beta_diversity_3,0.005875
beta_diversity_3,0.009333
beta_diversity_3,0.006166
beta_diversity_3,0.006
beta_diversity_3,0.005209
beta_diversity_3,0.005583
beta_diversity_3,0.005708
beta_diversity_3,0.006125
beta_diversity_3,0.006
beta_diversity_3,0.005542
beta_diversity_3,0.005458
beta_diversity_3,0.005292
beta_diversity_3,0.005833
beta_diversity_3,0.005291
beta_diversity_3,0.005209
beta_diversity_3,0.005167
beta_diversity_3,0.005333
beta_diversity_3,0.004916
beta_diversity_3,0.005125
beta_diversity_3,0.005375
beta_diversity_3,0.005083
beta_diversity_3,0.005417
beta_diversity_3,0.004917
beta_diversity_3,0.004834
beta_diversity_3,0.004875
beta_diversity_3,0.005083
beta_diversity_3,0.00475
beta_diversity_3,0.005375
beta_diversity_3,0.004709
beta_diversity_3,0.005166
beta_diversity_3,0.005
beta_diversity_3,0.004917
beta_diversity_3,0.00525
beta_diversity_3,0.004792
beta_diversity_3,0.004917
beta_diversity_3,0.004583
beta_diversity_3,0.005166
beta_diversity_3,0.004917
beta_diversity_3,0.00525
beta_diversity_3,0.004792
beta_diversity_3,0.005
beta_diversity_3,0.004834
beta_diversity_3,0.005
beta_diversity_3,0.004917
beta_diversity_3,0.004875
beta_diversity_3,0.005041
beta_diversity_3,0.005208
beta_diversity_3,0.005541
beta_diversity_3,0.005
beta_diversity_3,0.004792
beta_diversity_3,0.005166
beta_diversity_3,0.004875
beta_diversity_3,0.004958
beta_diversity_3,0.004791
beta_diversity_3,0.004875
beta_diversity_3,0.005334
beta_diversity_3,0.005083
beta_diversity_3,0.005
beta_diversity_3,0.004958
beta_diversity_3,0.005292
beta_diversity_3,0.004667
beta_diversity_3,0.005125
beta_diversity_3,0.006
beta_diversity_3,0.006209
beta_diversity_3,0.005292
beta_diversity_3,0.005
beta_diversity_3,0.005083
beta_diversity_3,0.005125
beta_diversity_3,0.00525
beta_diversity_3,0.00575
beta_diversity_3,0.005
beta_diversity_3,0.0055
beta_diversity_3,0.004959
beta_diversity_3,0.004959
beta_diversity_3,0.004792
spatial_beta_div_1,0.873584
spatial_beta_div_1,0.649833
spatial_beta_div_1,0.629625
spatial_beta_div_1,0.665208
spatial_beta_div_1,0.652958
spatial_beta_div_1,0.666458
spatial_beta_div_1,0.782167
spatial_beta_div_1,0.790125
spatial_beta_div_1,0.661375
spatial_beta_div_1,0.635625
spatial_beta_div_1,0.641167
spatial_beta_div_1,0.634083
spatial_beta_div_1,0.640208
spatial_beta_div_1,0.672
spatial_beta_div_1,0.681542
spatial_beta_div_1,0.641167
spatial_beta_div_1,0.713167
spatial_beta_div_1,0.690834
spatial_beta_div_1,0.643834
spatial_beta_div_1,0.666292
spatial_beta_div_1,0.65625
spatial_beta_div_1,0.640333
spatial_beta_div_1,0.63775
spatial_beta_div_1,0.643833
spatial_beta_div_1,0.667625
spatial_beta_div_1,0.644792
spatial_beta_div_1,0.656958
spatial_beta_div_1,0.731917
spatial_beta_div_1,0.6455
spatial_beta_div_1,0.654208
spatial_beta_div_1,0.637625
spatial_beta_div_1,0.644625
spatial_beta_div_1,0.645375
spatial_beta_div_1,0.6515
spatial_beta_div_1,0.642916
spatial_beta_div_1,0.663208
spatial_beta_div_1,0.644
spatial_beta_div_1,0.646417
spatial_beta_div_1,0.779125
spatial_beta_div_1,0.663834
spatial_beta_div_1,0.653166
spatial_beta_div_1,0.676291
spatial_beta_div_1,0.665083
spatial_beta_div_1,0.675958
spatial_beta_div_1,0.665416
spatial_beta_div_1,0.67725
spatial_beta_div_1,0.63375
spatial_beta_div_1,0.651042
spatial_beta_div_1,0.761792
spatial_beta_div_1,0.668708
spatial_beta_div_1,0.697708
spatial_beta_div_1,0.646084
spatial_beta_div_1,0.670667
spatial_beta_div_1,0.6605
spatial_beta_div_1,0.646542
spatial_beta_div_1,0.635
spatial_beta_div_1,0.656875
spatial_beta_div_1,0.657166
spatial_beta_div_1,0.74025
spatial_beta_div_1,0.646542
spatial_beta_div_1,0.624708
spatial_beta_div_1,0.641458
spatial_beta_div_1,0.652917
spatial_beta_div_1,0.792334
spatial_beta_div_1,0.672917
spatial_beta_div_1,0.652833
spatial_beta_div_1,0.660666
spatial_beta_div_1,0.637708
spatial_beta_div_1,0.70575
spatial_beta_div_1,0.741834
spatial_beta_div_1,0.661792
spatial_beta_div_1,0.637208
spatial_beta_div_1,0.649708
spatial_beta_div_1,0.636959
spatial_beta_div_1,1.403917
spatial_beta_div_1,0.638708
spatial_beta_div_1,0.641709
spatial_beta_div_1,0.705292
spatial_beta_div_1,0.656542
spatial_beta_div_1,0.657208
spatial_beta_div_1,0.649792
spatial_beta_div_1,0.683834
spatial_beta_div_1,0.657542
spatial_beta_div_1,0.644125
spatial_beta_div_1,0.665459
spatial_beta_div_1,0.66475
spatial_beta_div_1,0.664458
spatial_beta_div_1,0.657
spatial_beta_div_1,0.7945
spatial_beta_div_1,0.701834
spatial_beta_div_1,0.643792
spatial_beta_div_1,0.642875
spatial_beta_div_1,0.65975
spatial_beta_div_1,0.661708
spatial_beta_div_1,0.679667
spatial_beta_div_1,0.633166
spatial_beta_div_1,0.672625
spatial_beta_div_1,0.740625
spatial_beta_div_1,0.671667
spatial_beta_div_1,0.66425
spatial_beta_div_2,0.745625
spatial_beta_div_2,0.547834
spatial_beta_div_2,0.53625
spatial_beta_div_2,0.512084
spatial_beta_div_2,0.522667
spatial_beta_div_2,0.523583
spatial_beta_div_2,0.529792
spatial_beta_div_2,0.525
spatial_beta_div_2,0.596583
spatial_beta_div_2,0.6415
spatial_beta_div_2,0.547875
spatial_beta_div_2,0.533834
spatial_beta_div_2,0.53
spatial_beta_div_2,0.530667
spatial_beta_div_2,0.519291
spatial_beta_div_2,0.518291
spatial_beta_div_2,0.527875
spatial_beta_div_2,0.529042
spatial_beta_div_2,0.531583
spatial_beta_div_2,0.578541
spatial_beta_div_2,0.744291
spatial_beta_div_2,0.546083
spatial_beta_div_2,0.60025
spatial_beta_div_2,0.558541
spatial_beta_div_2,0.551042
spatial_beta_div_2,0.535834
spatial_beta_div_2,0.5505
spatial_beta_div_2,0.533208
spatial_beta_div_2,0.534542
spatial_beta_div_2,0.5335
spatial_beta_div_2,0.548583
spatial_beta_div_2,0.535667
spatial_beta_div_2,0.628
spatial_beta_div_2,0.526583
spatial_beta_div_2,0.520083
spatial_beta_div_2,0.520709
spatial_beta_div_2,0.518167
spatial_beta_div_2,0.524583
spatial_beta_div_2,0.542166
spatial_beta_div_2,0.560875
spatial_beta_div_2,0.539375
spatial_beta_div_2,0.546792
spatial_beta_div_2,0.532291
spatial_beta_div_2,0.540125
spatial_beta_div_2,0.542875
spatial_beta_div_2,0.674958
spatial_beta_div_2,0.542958
spatial_beta_div_2,0.541458
spatial_beta_div_2,0.530417
spatial_beta_div_2,0.526708
spatial_beta_div_2,0.543417
spatial_beta_div_2,0.547583
spatial_beta_div_2,0.54275
spatial_beta_div_2,0.54625
spatial_beta_div_2,0.548541
spatial_beta_div_2,0.536917
spatial_beta_div_2,0.540084
spatial_beta_div_2,0.536875
spatial_beta_div_2,0.520208
spatial_beta_div_2,0.627583
spatial_beta_div_2,0.528042
spatial_beta_div_2,0.519334
spatial_beta_div_2,0.521959
spatial_beta_div_2,0.519542
spatial_beta_div_2,0.529833
spatial_beta_div_2,0.531667
spatial_beta_div_2,0.536417
spatial_beta_div_2,0.554041
spatial_beta_div_2,0.548583
spatial_beta_div_2,0.591708
spatial_beta_div_2,0.546208
spatial_beta_div_2,0.55025
spatial_beta_div_2,0.632791
spatial_beta_div_2,0.530833
spatial_beta_div_2,0.523417
spatial_beta_div_2,0.520917
spatial_beta_div_2,0.518583
spatial_beta_div_2,0.529
spatial_beta_div_2,0.517417
spatial_beta_div_2,0.516542
spatial_beta_div_2,0.515041
spatial_beta_div_2,0.528875
spatial_beta_div_2,0.54175
spatial_beta_div_2,0.5945
spatial_beta_div_2,0.559959
spatial_beta_div_2,0.540125
spatial_beta_div_2,0.529417
spatial_beta_div_2,0.530084
spatial_beta_div_2,0.513417
spatial_beta_div_2,0.519166
spatial_beta_div_2,0.537333
spatial_beta_div_2,0.55325
spatial_beta_div_2,0.553292
spatial_beta_div_2,0.585625
spatial_beta_div_2,0.573625
spatial_beta_div_2,0.646875
spatial_beta_div_2,0.802667
spatial_beta_div_2,0.74675
spatial_beta_div_2,0.572166
spatial_beta_div_2,0.544833
spatial_beta_div_3,0.894042
spatial_beta_div_3,0.674958
spatial_beta_div_3,0.63825
spatial_beta_div_3,0.55775
spatial_beta_div_3,0.5555
spatial_beta_div_3,0.531875
spatial_beta_div_3,0.525833
spatial_beta_div_3,0.520084
spatial_beta_div_3,0.513583
spatial_beta_div_3,0.524125
spatial_beta_div_3,0.520875
spatial_beta_div_3,0.571583
spatial_beta_div_3,0.816875
spatial_beta_div_3,0.65875
spatial_beta_div_3,0.561583
spatial_beta_div_3,0.545125
spatial_beta_div_3,0.558709
spatial_beta_div_3,0.555084
spatial_beta_div_3,0.535459
spatial_beta_div_3,0.557666
spatial_beta_div_3,0.540958
spatial_beta_div_3,0.533291
spatial_beta_div_3,0.556917
spatial_beta_div_3,0.574083
spatial_beta_div_3,0.60825
spatial_beta_div_3,0.528417
spatial_beta_div_3,0.524417
spatial_beta_div_3,0.549375
spatial_beta_div_3,0.5405
spatial_beta_div_3,0.535291
spatial_beta_div_3,0.536542
spatial_beta_div_3,0.525292
spatial_beta_div_3,0.518667
spatial_beta_div_3,0.530208
spatial_beta_div_3,0.542542
spatial_beta_div_3,0.536209
spatial_beta_div_3,0.52725
spatial_beta_div_3,0.691375
spatial_beta_div_3,0.552958
spatial_beta_div_3,0.547041
spatial_beta_div_3,0.541208
spatial_beta_div_3,0.54725
spatial_beta_div_3,0.5395
spatial_beta_div_3,0.545
spatial_beta_div_3,0.550416
spatial_beta_div_3,0.537458
spatial_beta_div_3,0.574292
spatial_beta_div_3,0.575125
spatial_beta_div_3,0.5705
spatial_beta_div_3,0.621
spatial_beta_div_3,0.677041
spatial_beta_div_3,0.58975
spatial_beta_div_3,0.572708
spatial_beta_div_3,0.545084
spatial_beta_div_3,0.547625
spatial_beta_div_3,0.556959
spatial_beta_div_3,0.5505
spatial_beta_div_3,0.545208
spatial_beta_div_3,0.543
spatial_beta_div_3,0.5205
spatial_beta_div_3,0.504416
spatial_beta_div_3,0.515
spatial_beta_div_3,0.857084
spatial_beta_div_3,0.546625
spatial_beta_div_3,0.537458
spatial_beta_div_3,0.533791
spatial_beta_div_3,0.546708
spatial_beta_div_3,0.542541
spatial_beta_div_3,0.515875
spatial_beta_div_3,0.511416
spatial_beta_div_3,0.552417
spatial_beta_div_3,0.527916
spatial_beta_div_3,0.59375
spatial_beta_div_3,0.539666
spatial_beta_div_3,0.644792
spatial_beta_div_3,0.541042
spatial_beta_div_3,0.51475
spatial_beta_div_3,0.553959
spatial_beta_div_3,0.518708
spatial_beta_div_3,0.531417
spatial_beta_div_3,0.542125
spatial_beta_div_3,0.534167
spatial_beta_div_3,0.561041
spatial_beta_div_3,0.554458
spatial_beta_div_3,0.556584
spatial_beta_div_3,0.624375
spatial_beta_div_3,0.603667
spatial_beta_div_3,0.54
spatial_beta_div_3,0.533917
spatial_beta_div_3,0.519959
spatial_beta_div_3,0.525708
spatial_beta_div_3,0.51025
spatial_beta_div_3,0.530875
spatial_beta_div_3,0.542667
spatial_beta_div_3,0.550792
spatial_beta_div_3,0.569334
spatial_beta_div_3,0.587708
spatial_beta_div_3,0.589084
spatial_beta_div_3,0.541041
spatial_beta_div_3,0.680333
temporal_beta_div_1,4.225917
temporal_beta_div_1,4.106792
temporal_beta_div_1,4.178708
temporal_beta_div_1,4.255958
temporal_beta_div_1,4.038292
temporal_beta_div_1,4.396292
temporal_beta_div_1,4.387208
temporal_beta_div_1,4.610584
temporal_beta_div_1,4.404584
temporal_beta_div_1,9.936625
temporal_beta_div_1,4.073
temporal_beta_div_1,3.858291
temporal_beta_div_1,4.112125
temporal_beta_div_1,4.0235
temporal_beta_div_1,4.106833
temporal_beta_div_1,4.350416
temporal_beta_div_1,4.029958
temporal_beta_div_1,4.424583
temporal_beta_div_1,4.405125
temporal_beta_div_1,11.716291
temporal_beta_div_1,4.226333
temporal_beta_div_1,3.729
temporal_beta_div_1,4.085042
temporal_beta_div_1,3.929583
temporal_beta_div_1,3.64925
temporal_beta_div_1,3.936959
temporal_beta_div_1,4.40825
temporal_beta_div_1,4.285083
temporal_beta_div_1,9.103125
temporal_beta_div_1,4.06
temporal_beta_div_1,3.695209
temporal_beta_div_1,3.831917
temporal_beta_div_1,3.848958
temporal_beta_div_1,3.802125
temporal_beta_div_1,3.711792
temporal_beta_div_1,3.595541
temporal_beta_div_1,4.19625
temporal_beta_div_1,4.191916
temporal_beta_div_1,17.154292
temporal_beta_div_1,13.262666
temporal_beta_div_1,6.293917
temporal_beta_div_1,3.969458
temporal_beta_div_1,3.91225
temporal_beta_div_1,3.863
temporal_beta_div_1,3.99425
temporal_beta_div_1,4.0025
temporal_beta_div_1,4.357791
temporal_beta_div_1,4.446167
temporal_beta_div_1,9.426708
temporal_beta_div_1,3.747667
temporal_beta_div_1,3.634917
temporal_beta_div_1,3.6985
temporal_beta_div_1,3.616375
temporal_beta_div_1,3.64925
temporal_beta_div_1,3.660791
temporal_beta_div_1,4.191791
temporal_beta_div_1,4.14325
temporal_beta_div_1,8.755417
temporal_beta_div_1,3.894875
temporal_beta_div_1,3.719125
temporal_beta_div_1,3.659041
temporal_beta_div_1,3.656
temporal_beta_div_1,3.639042
temporal_beta_div_1,3.655459
temporal_beta_div_1,3.812042
temporal_beta_div_1,4.142083
temporal_beta_div_1,4.128083
temporal_beta_div_1,8.383875
temporal_beta_div_1,3.791459
temporal_beta_div_1,3.710042
temporal_beta_div_1,3.621875
temporal_beta_div_1,3.678
temporal_beta_div_1,3.722917
temporal_beta_div_1,3.675083
temporal_beta_div_1,4.080125
temporal_beta_div_1,4.072417
temporal_beta_div_1,9.26225
temporal_beta_div_1,3.827125
temporal_beta_div_1,3.687166
temporal_beta_div_1,3.596833
temporal_beta_div_1,3.716292
temporal_beta_div_1,3.668791
temporal_beta_div_1,3.749792
temporal_beta_div_1,3.634667
temporal_beta_div_1,4.124459
temporal_beta_div_1,4.140209
temporal_beta_div_1,9.167083
temporal_beta_div_1,3.842042
temporal_beta_div_1,3.661167
temporal_beta_div_1,3.649916
temporal_beta_div_1,3.766042
temporal_beta_div_1,3.74475
temporal_beta_div_1,3.690541
temporal_beta_div_1,3.94475
temporal_beta_div_1,4.097167
temporal_beta_div_1,4.253375
temporal_beta_div_1,11.277792
temporal_beta_div_1,3.896208
temporal_beta_div_1,3.766292
temporal_beta_div_1,3.649208
temporal_beta_div_2,1.243667
temporal_beta_div_2,1.069125
temporal_beta_div_2,1.155041
temporal_beta_div_2,1.034541
temporal_beta_div_2,0.988959
temporal_beta_div_2,0.994542
temporal_beta_div_2,0.997583
temporal_beta_div_2,1.015375
temporal_beta_div_2,1.126084
temporal_beta_div_2,1.082667
temporal_beta_div_2,1.101875
temporal_beta_div_2,1.087375
temporal_beta_div_2,1.06225
temporal_beta_div_2,1.13325
temporal_beta_div_2,1.074
temporal_beta_div_2,1.125292
temporal_beta_div_2,1.028125
temporal_beta_div_2,0.99
temporal_beta_div_2,1.024292
temporal_beta_div_2,1.063458
temporal_beta_div_2,1.071667
temporal_beta_div_2,1.210209
temporal_beta_div_2,1.057125
temporal_beta_div_2,0.969834
temporal_beta_div_2,1.011166
temporal_beta_div_2,0.982667
temporal_beta_div_2,1.016042
temporal_beta_div_2,1.0635
temporal_beta_div_2,1.093417
temporal_beta_div_2,1.012792
temporal_beta_div_2,0.995167
temporal_beta_div_2,1.07925
temporal_beta_div_2,1.043458
temporal_beta_div_2,1.059041
temporal_beta_div_2,1.257042
temporal_beta_div_2,1.104292
temporal_beta_div_2,1.251708
temporal_beta_div_2,1.12775
temporal_beta_div_2,1.149875
temporal_beta_div_2,1.09425
temporal_beta_div_2,1.081833
temporal_beta_div_2,1.134666
temporal_beta_div_2,6.380792
temporal_beta_div_2,1.020417
temporal_beta_div_2,1.013542
temporal_beta_div_2,0.99725
temporal_beta_div_2,0.991709
temporal_beta_div_2,1.005833
temporal_beta_div_2,1.004542
temporal_beta_div_2,1.073042
temporal_beta_div_2,1.019583
temporal_beta_div_2,1.032
temporal_beta_div_2,1.025667
temporal_beta_div_2,1.0605
temporal_beta_div_2,1.0565
temporal_beta_div_2,1.076917
temporal_beta_div_2,1.113375
temporal_beta_div_2,1.076209
temporal_beta_div_2,1.075042
temporal_beta_div_2,1.378375
temporal_beta_div_2,1.20175
temporal_beta_div_2,0.986459
temporal_beta_div_2,1.115417
temporal_beta_div_2,1.001375
temporal_beta_div_2,1.021416
temporal_beta_div_2,1.025
temporal_beta_div_2,1.029167
temporal_beta_div_2,1.041875
temporal_beta_div_2,1.062375
temporal_beta_div_2,0.995458
temporal_beta_div_2,0.904375
temporal_beta_div_2,0.984333
temporal_beta_div_2,0.999792
temporal_beta_div_2,1.024292
temporal_beta_div_2,1.112708
temporal_beta_div_2,1.145375
temporal_beta_div_2,0.992875
temporal_beta_div_2,0.979583
temporal_beta_div_2,1.029208
temporal_beta_div_2,1.027417
temporal_beta_div_2,1.039459
temporal_beta_div_2,1.029917
temporal_beta_div_2,1.134334
temporal_beta_div_2,1.067333
temporal_beta_div_2,1.102166
temporal_beta_div_2,7.686916
temporal_beta_div_2,0.9825
temporal_beta_div_2,1.0225
temporal_beta_div_2,1.092375
temporal_beta_div_2,1.0045
temporal_beta_div_2,0.9955
temporal_beta_div_2,1.016
temporal_beta_div_2,1.016709
temporal_beta_div_2,1.0405
temporal_beta_div_2,1.106583
temporal_beta_div_2,1.139958
temporal_beta_div_2,1.100209
temporal_beta_div_2,1.098916
temporal_beta_div_2,1.092208
temporal_beta_div_2,1.078917
temporal_beta_div_3,1.135542
temporal_beta_div_3,1.021542
temporal_beta_div_3,1.0065
temporal_beta_div_3,1.030167
temporal_beta_div_3,1.020167
temporal_beta_div_3,1.134917
temporal_beta_div_3,0.930083
temporal_beta_div_3,0.941417
temporal_beta_div_3,1.045583
temporal_beta_div_3,1.167792
temporal_beta_div_3,1.03225
temporal_beta_div_3,1.113375
temporal_beta_div_3,1.01875
temporal_beta_div_3,0.989084
temporal_beta_div_3,1.010917
temporal_beta_div_3,1.022458
temporal_beta_div_3,1.078
temporal_beta_div_3,1.021292
temporal_beta_div_3,1.114958
temporal_beta_div_3,1.0105
temporal_beta_div_3,1.019583
temporal_beta_div_3,1.030125
temporal_beta_div_3,1.019042
temporal_beta_div_3,1.059
temporal_beta_div_3,1.010917
temporal_beta_div_3,1.111209
temporal_beta_div_3,1.0185
temporal_beta_div_3,1.036917
temporal_beta_div_3,1.019792
temporal_beta_div_3,1.03375
temporal_beta_div_3,1.02375
temporal_beta_div_3,1.137875
temporal_beta_div_3,1.009583
temporal_beta_div_3,1.010958
temporal_beta_div_3,1.08675
temporal_beta_div_3,1.042
temporal_beta_div_3,1.063833
temporal_beta_div_3,1.046333
temporal_beta_div_3,1.154708
temporal_beta_div_3,1.080125
temporal_beta_div_3,1.094792
temporal_beta_div_3,1.068292
temporal_beta_div_3,6.746375
temporal_beta_div_3,0.960084
temporal_beta_div_3,0.949417
temporal_beta_div_3,1.090833
temporal_beta_div_3,1.017708
temporal_beta_div_3,1.013042
temporal_beta_div_3,1.067958
temporal_beta_div_3,1.016167
temporal_beta_div_3,1.018375
temporal_beta_div_3,1.0385
temporal_beta_div_3,1.074834
temporal_beta_div_3,1.02125
temporal_beta_div_3,1.046417
temporal_beta_div_3,1.020958
temporal_beta_div_3,1.018417
temporal_beta_div_3,1.0445
temporal_beta_div_3,1.203875
temporal_beta_div_3,1.0865
temporal_beta_div_3,1.075417
temporal_beta_div_3,1.122375
temporal_beta_div_3,1.058375
temporal_beta_div_3,1.05175
temporal_beta_div_3,1.09225
temporal_beta_div_3,1.135958
temporal_beta_div_3,1.019458
temporal_beta_div_3,1.037667
temporal_beta_div_3,1.057792
temporal_beta_div_3,1.042584
temporal_beta_div_3,1.068709
temporal_beta_div_3,1.037708
temporal_beta_div_3,1.096584
temporal_beta_div_3,0.982583
temporal_beta_div_3,0.986292
temporal_beta_div_3,1.018208
temporal_beta_div_3,1.0195
temporal_beta_div_3,1.030292
temporal_beta_div_3,1.012042
temporal_beta_div_3,0.994791
temporal_beta_div_3,0.960292
temporal_beta_div_3,0.999916
temporal_beta_div_3,1.003625
temporal_beta_div_3,1.011833
temporal_beta_div_3,1.023959
temporal_beta_div_3,7.372083
temporal_beta_div_3,1.175833
temporal_beta_div_3,1.007459
temporal_beta_div_3,1.0125
temporal_beta_div_3,0.99875
temporal_beta_div_3,1.025417
temporal_beta_div_3,1.032833
temporal_beta_div_3,1.062958
temporal_beta_div_3,1.064708
temporal_beta_div_3,0.898375
temporal_beta_div_3,0.950584
temporal_beta_div_3,0.986667
temporal_beta_div_3,0.977042
temporal_beta_div_3,1.019125
temporal_beta_div_3,1.039417
DNCI_multigroup_result,12.812666
DNCI_multigroup_result,12.686416
DNCI_multigroup_result,13.553417
DNCI_multigroup_result,18.195458
DNCI_multigroup_result,12.857
DNCI_multigroup_result,27.724375
DNCI_multigroup_result,19.141167
DNCI_multigroup_result,13.261708
DNCI_multigroup_result,12.8225
DNCI_multigroup_result,26.225292
DNCI_multigroup_result,12.896667
DNCI_multigroup_result,12.973792
DNCI_multigroup_result,13.457792
DNCI_multigroup_result,18.395125
DNCI_multigroup_result,13.872584
DNCI_multigroup_result,14.280958
DNCI_multigroup_result,19.726625
DNCI_multigroup_result,13.358375
DNCI_multigroup_result,13.012958
DNCI_multigroup_result,18.816916
DNCI_multigroup_result,12.789167
DNCI_multigroup_result,12.639958
DNCI_multigroup_result,18.607292
DNCI_multigroup_result,12.913375
DNCI_multigroup_result,12.81425
DNCI_multigroup_result,13.635208
DNCI_multigroup_result,18.401125
DNCI_multigroup_result,12.796042
DNCI_multigroup_result,13.291417
DNCI_multigroup_result,20.329334
DNCI_multigroup_result,12.826958
DNCI_multigroup_result,12.797333
DNCI_multigroup_result,19.555625
DNCI_multigroup_result,12.863667
DNCI_multigroup_result,12.787917
DNCI_multigroup_result,13.091084
DNCI_multigroup_result,18.247417
DNCI_multigroup_result,12.775375
DNCI_multigroup_result,13.060959
DNCI_multigroup_result,18.320042
DNCI_multigroup_result,12.636792
DNCI_multigroup_result,12.469875
DNCI_multigroup_result,18.745625
DNCI_multigroup_result,12.48325
DNCI_multigroup_result,12.710375
DNCI_multigroup_result,19.537958
DNCI_multigroup_result,12.669875
DNCI_multigroup_result,12.657917
DNCI_multigroup_result,13.522083
DNCI_multigroup_result,17.846917
DNCI_multigroup_result,12.833333
DNCI_multigroup_result,12.817167
DNCI_multigroup_result,18.2725
DNCI_multigroup_result,13.023791
DNCI_multigroup_result,12.691084
DNCI_multigroup_result,18.76375
DNCI_multigroup_result,12.79075
DNCI_multigroup_result,12.844208
DNCI_multigroup_result,13.260541
DNCI_multigroup_result,17.808167
DNCI_multigroup_result,12.664375
DNCI_multigroup_result,13.251417
DNCI_multigroup_result,18.392042
DNCI_multigroup_result,12.81825
DNCI_multigroup_result,12.741958
DNCI_multigroup_result,18.654709
DNCI_multigroup_result,12.824333
DNCI_multigroup_result,12.540916
DNCI_multigroup_result,18.854958
DNCI_multigroup_result,12.696667
DNCI_multigroup_result,12.772792
DNCI_multigroup_result,13.254584
DNCI_multigroup_result,17.804208
DNCI_multigroup_result,12.831291
DNCI_multigroup_result,12.965917
DNCI_multigroup_result,18.445
DNCI_multigroup_result,12.676166
DNCI_multigroup_result,12.420875
DNCI_multigroup_result,18.973083
DNCI_multigroup_result,12.866625
DNCI_multigroup_result,12.708041
DNCI_multigroup_result,13.405667
DNCI_multigroup_result,17.511917
DNCI_multigroup_result,12.777209
DNCI_multigroup_result,13.403583
DNCI_multigroup_result,18.074208
DNCI_multigroup_result,12.761041
DNCI_multigroup_result,12.591
DNCI_multigroup_result,18.580958
DNCI_multigroup_result,12.522334
DNCI_multigroup_result,12.581125
DNCI_multigroup_result,18.346209
DNCI_multigroup_result,12.973959
DNCI_multigroup_result,12.402625
DNCI_multigroup_result,13.080167
DNCI_multigroup_result,17.930833
DNCI_multigroup_result,12.870208
DNCI_multigroup_result,12.705541
DNCI_multigroup_result,18.078834
DNCI_multigroup_result,12.88025
prop_patches_result,0.337083
prop_patches_result,0.207917
prop_patches_result,0.197875
prop_patches_result,0.197083
prop_patches_result,0.245292
prop_patches_result,0.259042
prop_patches_result,0.225958
prop_patches_result,0.2025
prop_patches_result,0.203
prop_patches_result,0.201584
prop_patches_result,0.198125
prop_patches_result,0.197834
prop_patches_result,0.207667
prop_patches_result,0.193791
prop_patches_result,0.209541
prop_patches_result,0.198458
prop_patches_result,0.208083
prop_patches_result,0.218333
prop_patches_result,0.204334
prop_patches_result,0.210416
prop_patches_result,0.201875
prop_patches_result,0.206709
prop_patches_result,0.197875
prop_patches_result,0.201375
prop_patches_result,0.209959
prop_patches_result,0.214209
prop_patches_result,0.222417
prop_patches_result,0.204208
prop_patches_result,0.215833
prop_patches_result,0.222042
prop_patches_result,0.194209
prop_patches_result,0.206459
prop_patches_result,0.216708
prop_patches_result,0.207208
prop_patches_result,0.278875
prop_patches_result,0.257125
prop_patches_result,0.206334
prop_patches_result,0.216917
prop_patches_result,0.197667
prop_patches_result,0.198875
prop_patches_result,0.197125
prop_patches_result,0.189375
prop_patches_result,0.19
prop_patches_result,0.199209
prop_patches_result,0.194042
prop_patches_result,0.1955
prop_patches_result,0.193208
prop_patches_result,0.2025
prop_patches_result,0.211708
prop_patches_result,0.200125
prop_patches_result,0.207667
prop_patches_result,0.202375
prop_patches_result,0.193167
prop_patches_result,0.192875
prop_patches_result,0.195583
prop_patches_result,0.205958
prop_patches_result,0.198125
prop_patches_result,0.192667
prop_patches_result,0.203833
prop_patches_result,0.192583
prop_patches_result,0.211459
prop_patches_result,0.206958
prop_patches_result,0.212
prop_patches_result,0.204875
prop_patches_result,0.195125
prop_patches_result,0.209375
prop_patches_result,0.200208
prop_patches_result,0.203916
prop_patches_result,0.2405
prop_patches_result,0.200125
prop_patches_result,0.204041
prop_patches_result,0.218
prop_patches_result,0.234417
prop_patches_result,0.1925
prop_patches_result,0.203875
prop_patches_result,0.19675
prop_patches_result,0.201375
prop_patches_result,0.206375
prop_patches_result,0.1875
prop_patches_result,0.205792
prop_patches_result,0.201833
prop_patches_result,0.205375
prop_patches_result,0.207125
prop_patches_result,0.200834
prop_patches_result,0.206625
prop_patches_result,0.213208
prop_patches_result,0.206583
prop_patches_result,0.2125
prop_patches_result,0.20025
prop_patches_result,0.210166
prop_patches_result,0.207958
prop_patches_result,0.214167
prop_patches_result,0.210667
prop_patches_result,0.213459
prop_patches_result,0.217791
prop_patches_result,0.220292
prop_patches_result,0.217291
prop_patches_result,0.211541
prop_patches_result,0.220166
prop_patches_result,0.214583
CV_meta_result,2.641166
CV_meta_result,2.586208
CV_meta_result,2.601042
CV_meta_result,2.54325
CV_meta_result,2.587166
CV_meta_result,2.517875
CV_meta_result,2.533333
CV_meta_result,2.584
CV_meta_result,2.540666
CV_meta_result,2.556416
CV_meta_result,2.491125
CV_meta_result,2.62075
CV_meta_result,2.645459
CV_meta_result,2.418041
CV_meta_result,2.496333
CV_meta_result,2.656375
CV_meta_result,2.658708
CV_meta_result,2.834417
CV_meta_result,2.567625
CV_meta_result,2.653417
CV_meta_result,2.872917
CV_meta_result,3.001333
CV_meta_result,2.821166
CV_meta_result,2.841042
CV_meta_result,2.830333
CV_meta_result,2.708667
CV_meta_result,2.726958
CV_meta_result,2.76425
CV_meta_result,2.661916
CV_meta_result,2.669125
CV_meta_result,2.719417
CV_meta_result,2.587
CV_meta_result,7.567417
CV_meta_result,2.546
CV_meta_result,2.574375
CV_meta_result,2.525291
CV_meta_result,2.589042
CV_meta_result,2.464709
CV_meta_result,2.502584
CV_meta_result,2.539833
CV_meta_result,2.574125
CV_meta_result,2.594667
CV_meta_result,2.630916
CV_meta_result,2.589667
CV_meta_result,2.575042
CV_meta_result,2.500084
CV_meta_result,2.487834
CV_meta_result,2.546
CV_meta_result,2.589125
CV_meta_result,2.555542
CV_meta_result,2.521541
CV_meta_result,2.534875
CV_meta_result,2.538458
CV_meta_result,2.50975
CV_meta_result,2.538833
CV_meta_result,2.620167
CV_meta_result,2.554583
CV_meta_result,2.70075
CV_meta_result,2.678166
CV_meta_result,2.574209
CV_meta_result,2.648667
CV_meta_result,2.647208
CV_meta_result,2.642208
CV_meta_result,2.751958
CV_meta_result,6.818584
CV_meta_result,2.538375
CV_meta_result,2.548125
CV_meta_result,2.5955
CV_meta_result,2.565333
CV_meta_result,2.613625
CV_meta_result,2.563625
CV_meta_result,2.541125
CV_meta_result,2.601459
CV_meta_result,2.472375
CV_meta_result,2.515959
CV_meta_result,2.577708
CV_meta_result,2.48825
CV_meta_result,2.490542
CV_meta_result,2.519292
CV_meta_result,2.550083
CV_meta_result,2.574875
CV_meta_result,2.536875
CV_meta_result,2.486125
CV_meta_result,2.59425
CV_meta_result,2.539625
CV_meta_result,2.61
CV_meta_result,2.651333
CV_meta_result,2.482125
CV_meta_result,2.633
CV_meta_result,2.604
CV_meta_result,2.610292
CV_meta_result,2.736375
CV_meta_result,2.621291
CV_meta_result,2.679458
CV_meta_result,2.699
CV_meta_result,2.659291
CV_meta_result,6.944458
CV_meta_result,2.609292
CV_meta_result,2.637917
CV_meta_result,2.603625
hypervolume_det_result,0.051
hypervolume_det_result,0.005792
hypervolume_det_result,0.003708
hypervolume_det_result,0.003417
hypervolume_det_result,0.003333
hypervolume_det_result,0.003125
hypervolume_det_result,0.003083
hypervolume_det_result,0.003042
hypervolume_det_result,0.003083
hypervolume_det_result,0.003083
hypervolume_det_result,0.003292
hypervolume_det_result,0.003041
hypervolume_det_result,0.003209
hypervolume_det_result,0.002958
hypervolume_det_result,0.002875
hypervolume_det_result,0.002792
hypervolume_det_result,0.003083
hypervolume_det_result,0.002958
hypervolume_det_result,0.003083
hypervolume_det_result,0.003125
hypervolume_det_result,0.003167
hypervolume_det_result,0.002917
hypervolume_det_result,0.002959
hypervolume_det_result,0.003167
hypervolume_det_result,0.003041
hypervolume_det_result,0.003
hypervolume_det_result,0.003167
hypervolume_det_result,0.003292
hypervolume_det_result,0.002916
hypervolume_det_result,0.003083
hypervolume_det_result,0.003
hypervolume_det_result,0.002833
hypervolume_det_result,0.003
hypervolume_det_result,0.00325
hypervolume_det_result,0.003
hypervolume_det_result,0.003
hypervolume_det_result,0.002959
hypervolume_det_result,0.002792
hypervolume_det_result,0.002875
hypervolume_det_result,0.003042
hypervolume_det_result,0.003042
hypervolume_det_result,0.002875
hypervolume_det_result,0.003042
hypervolume_det_result,0.002917
hypervolume_det_result,0.003166
hypervolume_det_result,0.003042
hypervolume_det_result,0.002916
hypervolume_det_result,0.002958
hypervolume_det_result,0.002875
hypervolume_det_result,0.003208
hypervolume_det_result,0.002875
hypervolume_det_result,0.002875
hypervolume_det_result,0.002959
hypervolume_det_result,0.003
hypervolume_det_result,0.002959
hypervolume_det_result,0.002958
hypervolume_det_result,0.002791
hypervolume_det_result,0.003375
hypervolume_det_result,0.003166
hypervolume_det_result,0.002958
hypervolume_det_result,0.003458
hypervolume_det_result,0.002875
hypervolume_det_result,0.003042
hypervolume_det_result,0.003042
hypervolume_det_result,0.003042
hypervolume_det_result,0.003167
hypervolume_det_result,0.003125
hypervolume_det_result,0.003083
hypervolume_det_result,0.003209
hypervolume_det_result,0.002875
hypervolume_det_result,0.002958
hypervolume_det_result,0.003167
hypervolume_det_result,0.002833
hypervolume_det_result,0.003083
hypervolume_det_result,0.002917
hypervolume_det_result,0.003083
hypervolume_det_result,0.003042
hypervolume_det_result,0.003041
hypervolume_det_result,0.003
hypervolume_det_result,0.002958
hypervolume_det_result,0.002917
hypervolume_det_result,0.003083
hypervolume_det_result,0.003125
hypervolume_det_result,0.002834
hypervolume_det_result,0.002959
hypervolume_det_result,0.003125
hypervolume_det_result,0.003042
hypervolume_det_result,0.003041
hypervolume_det_result,0.003041
hypervolume_det_result,0.002917
hypervolume_det_result,0.002958
hypervolume_det_result,0.002958
hypervolume_det_result,0.002917
hypervolume_det_result,0.00275
hypervolume_det_result,0.002833
hypervolume_det_result,0.002792
hypervolume_det_result,0.002875
hypervolume_det_result,0.00275
hypervolume_det_result,0.003
hypervolume_det_result,0.002875
hypervolume_dis_result,0.077375
hypervolume_dis_result,0.011542
hypervolume_dis_result,0.0075
hypervolume_dis_result,0.006042
hypervolume_dis_result,0.005666
hypervolume_dis_result,0.0055
hypervolume_dis_result,0.0055
hypervolume_dis_result,0.005167
hypervolume_dis_result,0.005125
hypervolume_dis_result,0.005167
hypervolume_dis_result,0.005167
hypervolume_dis_result,0.005334
hypervolume_dis_result,0.005208
hypervolume_dis_result,0.005333
hypervolume_dis_result,0.005208
hypervolume_dis_result,0.005334
hypervolume_dis_result,0.005417
hypervolume_dis_result,0.005125
hypervolume_dis_result,0.005167
hypervolume_dis_result,0.005458
hypervolume_dis_result,0.005375
hypervolume_dis_result,0.005
hypervolume_dis_result,0.005208
hypervolume_dis_result,0.005
hypervolume_dis_result,0.005166
hypervolume_dis_result,0.005292
hypervolume_dis_result,0.004875
hypervolume_dis_result,0.005
hypervolume_dis_result,0.005208
hypervolume_dis_result,0.005041
hypervolume_dis_result,0.005125
hypervolume_dis_result,0.004875
hypervolume_dis_result,0.005
hypervolume_dis_result,0.005125
hypervolume_dis_result,0.004916
hypervolume_dis_result,0.004875
hypervolume_dis_result,0.004917
hypervolume_dis_result,0.004917
hypervolume_dis_result,0.005041
hypervolume_dis_result,0.004917
hypervolume_dis_result,0.004875
hypervolume_dis_result,0.00475
hypervolume_dis_result,0.00475
hypervolume_dis_result,0.005084
hypervolume_dis_result,0.005167
hypervolume_dis_result,0.004833
hypervolume_dis_result,0.005083
hypervolume_dis_result,0.005458
hypervolume_dis_result,0.005042
hypervolume_dis_result,0.005
hypervolume_dis_result,0.005042
hypervolume_dis_result,0.004834
hypervolume_dis_result,0.005
hypervolume_dis_result,0.004959
hypervolume_dis_result,0.004959
hypervolume_dis_result,0.004917
hypervolume_dis_result,0.004959
hypervolume_dis_result,0.004792
hypervolume_dis_result,0.005125
hypervolume_dis_result,0.005042
hypervolume_dis_result,0.004834
hypervolume_dis_result,0.004959
hypervolume_dis_result,0.004833
hypervolume_dis_result,0.004833
hypervolume_dis_result,0.004792
hypervolume_dis_result,0.004833
hypervolume_dis_result,0.004916
hypervolume_dis_result,0.004792
hypervolume_dis_result,0.005166
hypervolume_dis_result,0.004875
hypervolume_dis_result,0.005084
hypervolume_dis_result,0.005
hypervolume_dis_result,0.004917
hypervolume_dis_result,0.004958
hypervolume_dis_result,0.005
hypervolume_dis_result,0.004833
hypervolume_dis_result,0.005084
hypervolume_dis_result,0.005042
hypervolume_dis_result,0.004959
hypervolume_dis_result,0.005167
hypervolume_dis_result,0.004875
hypervolume_dis_result,0.005792
hypervolume_dis_result,0.00525
hypervolume_dis_result,0.0055
hypervolume_dis_result,0.00525
hypervolume_dis_result,0.005459
hypervolume_dis_result,0.005375
hypervolume_dis_result,0.005375
hypervolume_dis_result,0.00525
hypervolume_dis_result,0.005166
hypervolume_dis_result,0.004708
hypervolume_dis_result,0.004875
hypervolume_dis_result,0.005
hypervolume_dis_result,0.004792
hypervolume_dis_result,0.004792
hypervolume_dis_result,0.004792
hypervolume_dis_result,0.00475
hypervolume_dis_result,0.005
hypervolume_dis_result,0.004959
hypervolume_dis_result,0.004959
